Date,TDN_based_ADF,CP,B12,GEMI,B6,Longitude,B1,B8A,B5,EVI,Latitude,NDWI,B8,SampleID,LAI,B4
2022-07-06,47.99895872,4.632362746,2919.0,-1341990.624065628,2952.0,-54.839505,1325.0,3272.0,2427.0,0.1609740108223424,-20.44671667,-0.0335253286072958,3171.0,1,0.464403971155235,2012.0
2022-07-06,52.44721853,4.811976056,2919.0,-1341990.624065628,2952.0,-54.839505,1325.0,3272.0,2427.0,0.1609740108223424,-20.44671667,-0.0335253286072958,3171.0,1,0.464403971155235,2012.0
2022-07-06,49.69773698,4.644871037,2855.0,-1268877.254579512,2956.0,-54.83885633,1358.0,3303.0,2435.0,0.1566008581782609,-20.44699567,-0.0166716284608514,3146.0,2,0.4485819048889482,2019.0
2022-07-06,50.62115786,4.647188837,2855.0,-1268877.254579512,2956.0,-54.83885633,1358.0,3303.0,2435.0,0.1566008581782609,-20.44699567,-0.0166716284608514,3146.0,2,0.4485819048889482,2019.0
2022-07-06,47.12037117,5.006476461,2834.0,-1152285.9144877994,2861.0,-54.83924633,1318.0,3156.0,2381.0,0.1506193061975496,-20.446424,-0.0257755826516437,3060.0,3,0.4269406498227347,1986.0
2022-07-06,54.54078847,4.908830785,2834.0,-1152285.9144877994,2861.0,-54.83924633,1318.0,3156.0,2381.0,0.1506193061975496,-20.446424,-0.0257755826516437,3060.0,3,0.4269406498227347,1986.0
2022-07-06,51.82397028,5.873590871,2833.0,-1208778.7864584832,2897.0,-54.83876267,1314.0,3147.0,2391.0,0.1541289751263857,-20.44633333,-0.0303497149899861,3083.0,4,0.4396386320072637,1983.0
2022-07-06,44.13031441,5.785925335,2833.0,-1208778.7864584832,2897.0,-54.83876267,1314.0,3147.0,2391.0,0.1541289751263857,-20.44633333,-0.0303497149899861,3083.0,4,0.4396386320072637,1983.0
2022-07-06,50.04360893,4.811648506,2834.0,-1152285.9144877994,2861.0,-54.839261,1318.0,3156.0,2381.0,0.1506193061975496,-20.446437,-0.0257755826516437,3060.0,5,0.4269406498227347,1986.0
2022-07-06,47.45754752,4.724163988,2834.0,-1152285.9144877994,2861.0,-54.839261,1318.0,3156.0,2381.0,0.1506193061975496,-20.446437,-0.0257755826516437,3060.0,5,0.4269406498227347,1986.0
2022-07-06,49.96751289,5.569296814,2833.0,-1208778.7864584832,2897.0,-54.83876433,1314.0,3147.0,2391.0,0.1541289751263857,-20.44631867,-0.0303497149899861,3083.0,6,0.4396386320072637,1983.0
2022-07-06,51.15011768,5.495982242,2833.0,-1208778.7864584832,2897.0,-54.83876433,1314.0,3147.0,2391.0,0.1541289751263857,-20.44631867,-0.0303497149899861,3083.0,6,0.4396386320072637,1983.0
2022-07-06,39.71977991,2.184244027,2703.0,-1815585.956319232,3068.0,-54.83930267,1355.0,3570.0,2431.0,0.1847952446754842,-20.446936,0.0168043292509256,3374.0,7,0.5505891952359018,2026.0
2022-07-06,39.94216274,2.097922179,2703.0,-1815585.956319232,3068.0,-54.83930267,1355.0,3570.0,2431.0,0.1847952446754842,-20.446936,0.0168043292509256,3374.0,7,0.5505891952359018,2026.0
2022-07-06,44.99006643,2.51860294,2710.0,-1683349.1834539694,3054.0,-54.83926867,1367.0,3564.0,2449.0,0.1770399144534404,-20.447077,0.0092028882910944,3366.0,8,0.5225304104925474,2068.0
2022-07-06,45.6389018,2.517344268,2710.0,-1683349.1834539694,3054.0,-54.83926867,1367.0,3564.0,2449.0,0.1770399144534404,-20.447077,0.0092028882910944,3366.0,8,0.5225304104925474,2068.0
2022-07-21,50.08470623,4.0750374,2764.0,-1000899.9193734288,2903.0,-54.83886967,1319.0,3165.0,2432.0,0.1393048396254773,-20.44655467,-0.01616412806963,3049.0,9,0.3860049097649769,2048.0
2022-07-21,51.97453858,3.905531235,2764.0,-1000899.9193734288,2903.0,-54.83886967,1319.0,3165.0,2432.0,0.1393048396254773,-20.44655467,-0.01616412806963,3049.0,9,0.3860049097649769,2048.0
2022-07-21,50.4350504,4.748523275,2849.0,-1654928.219673158,3140.0,-54.83894367,1360.0,3507.0,2600.0,0.1752221931773624,-20.44708367,0.0038643194504079,3368.0,10,0.5159538949156972,2081.0
2022-07-21,50.29643604,4.49175319,2849.0,-1654928.219673158,3140.0,-54.83894367,1360.0,3507.0,2600.0,0.1752221931773624,-20.44708367,0.0038643194504079,3368.0,10,0.5159538949156972,2081.0
2022-07-21,49.99054854,5.190822256,2838.0,-1930532.6886187089,3079.0,-54.83877367,1350.0,3333.0,2461.0,0.1890251199425581,-20.447259,-0.0108324677251817,3447.0,11,0.5658928839521753,2057.0
2022-07-21,48.28967743,5.117069323,2812.0,-529205.9539032849,2931.0,-54.83904833,1365.0,3197.0,2508.0,0.0966881647311325,-20.447259,-0.0129669651126891,3109.0,11,0.2318177799972374,2381.0
2022-07-21,51.31570161,3.812609284,2756.0,-1248683.1403969412,2958.0,-54.83900633,1303.0,3216.0,2404.0,0.1553399137432751,-20.44615,-0.0153092467850581,3140.0,12,0.4440198079231693,2022.0
2022-07-21,49.91940399,4.074594162,2756.0,-1248683.1403969412,2958.0,-54.83900633,1303.0,3216.0,2404.0,0.1553399137432751,-20.44615,-0.0153092467850581,3140.0,12,0.4440198079231693,2022.0
2022-07-21,48.78051506,2.247466863,2716.0,-1756780.9427319784,3069.0,-54.83944133,1330.0,3525.0,2437.0,0.1840950741378353,-20.446899,0.0111876075731497,3291.0,13,0.5480559782306881,1965.0
2022-07-21,49.06326227,2.420348929,2716.0,-1756780.9427319784,3069.0,-54.83944133,1330.0,3525.0,2437.0,0.1840950741378353,-20.446899,0.0111876075731497,3291.0,13,0.5480559782306881,1965.0
2022-07-21,41.73064629,2.919129951,2821.0,-2115386.175276928,3123.0,-54.83906267,1366.0,3443.0,2590.0,0.1927969470504054,-20.44713633,0.0008720930232558,3635.0,14,0.579539354428367,2180.0
2022-07-21,41.15968057,2.574416975,2821.0,-2115386.175276928,3123.0,-54.83906267,1366.0,3443.0,2590.0,0.1927969470504054,-20.44713633,0.0008720930232558,3635.0,14,0.579539354428367,2180.0
2022-05-05,59.16877402,7.383236857,2044.0,-7982764.445168112,4066.0,-54.83857533,1312.0,4461.0,2315.0,0.3935977002529276,-20.44708767,0.20469889278963,4333.0,15,1.3060364795150925,1507.0
2022-05-05,54.298515,7.474862505,2044.0,-7982764.445168112,4066.0,-54.83857533,1312.0,4461.0,2315.0,0.3935977002529276,-20.44708767,0.20469889278963,4333.0,15,1.3060364795150925,1507.0
2022-05-05,58.96565064,6.853040883,2125.0,-7736081.181775502,3987.0,-54.83967167,1285.0,4346.0,2345.0,0.3856390352093152,-20.44655833,0.1782567439338484,4327.0,16,1.277242029387302,1545.0
2022-05-05,59.35026089,6.511340686,2125.0,-7736081.181775502,3987.0,-54.83967167,1285.0,4346.0,2345.0,0.3856390352093152,-20.44655833,0.1782567439338484,4327.0,16,1.277242029387302,1545.0
2022-05-05,59.47771711,6.265799839,2134.0,-5186531.070118906,3732.0,-54.83883633,1275.0,4070.0,2354.0,0.3212396069538926,-20.44616533,0.1575654152445961,3881.0,17,1.0442448979591834,1603.0
2022-05-05,54.46806161,6.268929609,2134.0,-5186531.070118906,3732.0,-54.83883633,1275.0,4070.0,2354.0,0.3212396069538926,-20.44616533,0.1575654152445961,3881.0,17,1.0442448979591834,1603.0
2022-05-05,54.93019367,6.080742916,2169.0,-4315601.543476256,3667.0,-54.839142,1288.0,3970.0,2369.0,0.2941542851965936,-20.44645667,0.1416247304097771,3720.0,18,0.9462502038412756,1642.0
2022-05-05,54.12077782,6.074668248,2169.0,-4315601.543476256,3667.0,-54.839142,1288.0,3970.0,2369.0,0.2941542851965936,-20.44645667,0.1416247304097771,3720.0,18,0.9462502038412756,1642.0
2022-05-05,54.04713363,5.806473042,2117.0,-5255079.235805627,3784.0,-54.839544,1275.0,4143.0,2342.0,0.3219709734672328,-20.44632333,0.1624579124579124,3914.0,19,1.0468909820044483,1621.0
2022-05-05,51.42073296,5.715641212,2117.0,-5255079.235805627,3784.0,-54.839544,1275.0,4143.0,2342.0,0.3219709734672328,-20.44632333,0.1624579124579124,3914.0,19,1.0468909820044483,1621.0
2022-05-05,56.48945805,7.385197402,2147.0,-6377585.530305956,3808.0,-54.83930467,1296.0,4167.0,2355.0,0.3533697428206907,-20.44663067,0.1672268907563025,4098.0,20,1.1604917295252588,1572.0
2022-05-05,53.17267835,7.385197402,2147.0,-6377585.530305956,3808.0,-54.83930467,1296.0,4167.0,2355.0,0.3533697428206907,-20.44663067,0.1672268907563025,4098.0,20,1.1604917295252588,1572.0
2022-05-05,58.73142471,5.899621568,2065.0,-5761883.577289193,3942.0,-54.83855567,1277.0,4374.0,2374.0,0.3364441455075388,-20.44637233,0.1965531391054575,4001.0,21,1.0992549184462752,1600.0
2022-05-05,60.29755294,5.887857617,2065.0,-5761883.577289193,3942.0,-54.83855567,1277.0,4374.0,2374.0,0.3364441455075388,-20.44637233,0.1965531391054575,4001.0,21,1.0992549184462752,1600.0
2022-05-05,58.56210858,6.353050887,2059.0,-7548102.085158183,4085.0,-54.838707,1316.0,4490.0,2330.0,0.3833833722111231,-20.44706367,0.204722296753421,4269.0,22,1.2690810406598434,1521.0
2022-05-05,55.20215491,6.353050887,2059.0,-7548102.085158183,4085.0,-54.838707,1316.0,4490.0,2330.0,0.3833833722111231,-20.44706367,0.204722296753421,4269.0,22,1.2690810406598434,1521.0
2022-05-05,52.27533421,3.040877175,2177.0,-5255083.656423923,3524.0,-54.83922433,1339.0,4030.0,2120.0,0.320380264687472,-20.44710133,0.145374449339207,3940.0,23,1.041135797639274,1647.0
2022-05-05,50.03009882,3.04694679,2177.0,-5255083.656423923,3524.0,-54.83922433,1339.0,4030.0,2120.0,0.320380264687472,-20.44710133,0.145374449339207,3940.0,23,1.041135797639274,1647.0
2022-05-05,47.95161896,2.534837219,2012.0,-5970138.562321046,3746.0,-54.83930767,1316.0,4283.0,2266.0,0.3492825701709255,-20.446902,0.1982095397957756,3929.0,24,1.1457043388784085,1485.0
2022-05-05,48.04153375,2.705597211,2012.0,-5970138.562321046,3746.0,-54.83930767,1316.0,4283.0,2266.0,0.3492825701709255,-20.446902,0.1982095397957756,3929.0,24,1.1457043388784085,1485.0
2022-06-02,52.16173204,4.971290278,2315.0,-4126621.009712011,3589.0,-54.83885933,1357.0,4057.0,2531.0,0.280911302809113,-20.44697833,0.1214927436074637,3812.0,25,0.8983370935633709,1780.0
2022-06-02,51.91894479,5.153428538,2315.0,-4126621.009712011,3589.0,-54.83885933,1357.0,4057.0,2531.0,0.280911302809113,-20.44697833,0.1214927436074637,3812.0,25,0.8983370935633709,1780.0
2022-06-02,52.29991626,4.722079746,2182.0,-4249395.487146078,3751.0,-54.838545,1285.0,4169.0,2473.0,0.2871738306927825,-20.446366,0.1638749302065885,3794.0,26,0.9209949194464871,1732.0
2022-06-02,51.92080274,4.994371414,2182.0,-4249395.487146078,3751.0,-54.838545,1285.0,4169.0,2473.0,0.2871738306927825,-20.446366,0.1638749302065885,3794.0,26,0.9209949194464871,1732.0
2022-06-02,56.89019404,5.325789098,2489.0,-3461147.9231516304,3512.0,-54.83948333,1320.0,3842.0,2567.0,0.2558427275226835,-20.44669467,0.0748356413484403,3721.0,27,0.807638988177069,1860.0
2022-06-02,52.93481013,5.309867456,2489.0,-3461147.9231516304,3512.0,-54.83948333,1320.0,3842.0,2567.0,0.2558427275226835,-20.44669467,0.0748356413484403,3721.0,27,0.807638988177069,1860.0
2022-06-02,57.95038309,5.425175171,2371.0,-4407509.173725588,3629.0,-54.83860133,1351.0,3969.0,2493.0,0.2890077949530982,-20.44709433,0.1133239831697054,3884.0,28,0.9276302021403092,1784.0
2022-06-02,58.01814277,5.594600174,2371.0,-4407509.173725588,3629.0,-54.83860133,1351.0,3969.0,2493.0,0.2890077949530982,-20.44709433,0.1133239831697054,3884.0,28,0.9276302021403092,1784.0
2022-06-02,56.78438928,5.936260378,2383.0,-3209177.9493757747,3505.0,-54.83874067,1296.0,3805.0,2517.0,0.2477136253552589,-20.44635133,0.0938622969670835,3643.0,29,0.7782278965353268,1851.0
2022-06-02,54.91068245,6.014558985,2383.0,-3209177.9493757747,3505.0,-54.83874067,1296.0,3805.0,2517.0,0.2477136253552589,-20.44635133,0.0938622969670835,3643.0,29,0.7782278965353268,1851.0
2022-06-02,56.80856683,5.766645524,2471.0,-2463095.7529425304,3352.0,-54.839228,1319.0,3618.0,2484.0,0.219097485821462,-20.44644167,0.0675715550309826,3436.0,30,0.6746947037020496,1866.0
2022-06-02,56.97572872,5.845264177,2471.0,-2463095.7529425304,3352.0,-54.839228,1319.0,3618.0,2484.0,0.219097485821462,-20.44644167,0.0675715550309826,3436.0,30,0.6746947037020496,1866.0
2022-06-02,47.06351554,2.705945433,2430.0,-5936017.777836716,3599.0,-54.83908333,1374.0,4060.0,2533.0,0.3357563266025924,-20.44707067,0.1158444413906829,4116.0,31,1.0967663896481792,1679.0
2022-06-02,47.145599,2.708648675,2430.0,-5936017.777836716,3599.0,-54.83908333,1374.0,4060.0,2533.0,0.3357563266025924,-20.44707067,0.1158444413906829,4116.0,31,1.0967663896481792,1679.0
2022-06-02,44.46956036,2.183589424,2304.0,-4723685.904790141,3618.0,-54.839329,1357.0,4206.0,2474.0,0.2990371389270976,-20.44699567,0.1370640713706407,3939.0,32,0.9639163686382394,1765.0
2022-06-02,43.74818053,2.189040221,2304.0,-4723685.904790141,3618.0,-54.839329,1357.0,4206.0,2474.0,0.2990371389270976,-20.44699567,0.1370640713706407,3939.0,32,0.9639163686382394,1765.0
2022-05-18,55.91948154,4.871028183,2177.0,-6627481.189169895,3862.0,-54.838422,1303.0,4230.0,2374.0,0.3549295929956884,-20.446899,0.1725571725571725,4211.0,33,1.166135267458401,1636.0
2022-05-18,53.31943777,4.86132494,2177.0,-6627481.189169895,3862.0,-54.838422,1303.0,4230.0,2374.0,0.3549295929956884,-20.446899,0.1725571725571725,4211.0,33,1.166135267458401,1636.0
2022-05-18,50.14325176,5.718676315,2424.0,-3517170.145163348,3314.0,-54.83885567,1295.0,3686.0,2395.0,0.2634002785640473,-20.44601967,0.0746355685131195,3620.0,34,0.8349822078447231,1744.0
2022-05-18,54.00406447,5.718676315,2424.0,-3517170.145163348,3314.0,-54.83885567,1295.0,3686.0,2395.0,0.2634002785640473,-20.44601967,0.0746355685131195,3620.0,34,0.8349822078447231,1744.0
2022-05-18,54.0007637,5.054008114,2068.0,-6673890.996903616,3941.0,-54.83854267,1284.0,4440.0,2372.0,0.3590883824346859,-20.44621533,0.2045577862181226,4174.0,35,1.1811817676486935,1590.0
2022-05-18,56.2033803,5.13346519,2068.0,-6673890.996903616,3941.0,-54.83854267,1284.0,4440.0,2372.0,0.3590883824346859,-20.44621533,0.2045577862181226,4174.0,35,1.1811817676486935,1590.0
2022-05-18,51.09290674,5.561901205,2231.0,-4245266.560255958,3479.0,-54.83898767,1315.0,3894.0,2378.0,0.2898505884206026,-20.446813,0.1326352530541012,3742.0,36,0.9306794289057402,1681.0
2022-05-18,54.50627285,5.542502447,2231.0,-4245266.560255958,3479.0,-54.83898767,1315.0,3894.0,2378.0,0.2898505884206026,-20.446813,0.1326352530541012,3742.0,36,0.9306794289057402,1681.0
2022-05-18,51.26057131,2.685987956,2146.0,-4667333.8927181,3570.0,-54.83918867,1351.0,4117.0,2333.0,0.3027899834103035,-20.446996,0.152575587905935,3832.0,37,0.977494159978478,1671.0
2022-05-18,50.96179154,2.688668583,2146.0,-4667333.8927181,3570.0,-54.83918867,1351.0,4117.0,2333.0,0.3027899834103035,-20.446996,0.152575587905935,3832.0,37,0.977494159978478,1671.0
2022-05-18,46.73774633,2.593293788,2176.0,-4114430.347282897,3488.0,-54.83923167,1336.0,3962.0,2368.0,0.2851000449640288,-20.446863,0.1368723098995695,3724.0,38,0.9134919626798562,1695.0
2022-05-18,46.90717585,2.689111306,2176.0,-4114430.347282897,3488.0,-54.83923167,1336.0,3962.0,2368.0,0.2851000449640288,-20.446863,0.1368723098995695,3724.0,38,0.9134919626798562,1695.0
2022-06-22,49.44313569,4.708278463,2895.0,-1391078.5209287675,3028.0,-54.838631,2633.0,3785.0,2377.0,0.1671691184804044,-20.44614667,0.1630050699032109,3082.0,39,0.486817870662103,1902.0
2022-06-22,47.8413243,4.795468805,2895.0,-1391078.5209287675,3028.0,-54.838631,2633.0,3785.0,2377.0,0.1671691184804044,-20.44614667,0.1630050699032109,3082.0,39,0.486817870662103,1902.0
2022-06-22,51.22156003,5.360591292,2360.0,-113220.60053102132,3416.0,-54.838848,2222.0,3278.0,3091.0,0.0425887919442731,-20.44657867,0.0072207712398217,3115.0,40,0.0360862492543802,2778.0
2022-06-22,51.47087982,5.349896845,2360.0,-113220.60053102132,3416.0,-54.838848,2222.0,3278.0,3091.0,0.0425887919442731,-20.44657867,0.0072207712398217,3115.0,40,0.0360862492543802,2778.0
2022-06-22,56.64865127,4.715676388,1974.0,-278224.66831580416,2837.0,-54.83916633,2131.0,2929.0,2427.0,0.0747977062036764,-20.44647667,0.0530289412187668,2622.0,41,0.1526181010449013,2094.0
2022-06-22,54.67441186,4.623732241,1974.0,-278224.66831580416,2837.0,-54.83916633,2131.0,2929.0,2427.0,0.0747977062036764,-20.44647667,0.0530289412187668,2622.0,41,0.1526181010449013,2094.0
2022-06-22,47.81167332,5.088014662,3570.0,-550.2072783116698,4193.0,-54.838801,2906.0,4400.0,3613.0,-0.0028226677400985,-20.44703067,0.053639846743295,3034.0,42,-0.1282124118836766,3057.0
2022-06-22,47.90197734,4.905219072,3570.0,-550.2072783116698,4193.0,-54.838801,2906.0,4400.0,3613.0,-0.0028226677400985,-20.44703067,0.053639846743295,3034.0,42,-0.1282124118836766,3057.0
2022-06-22,53.90830402,2.354868882,2685.0,-754206.6590715944,3159.0,-54.839217,2271.0,3631.0,2383.0,0.1272402483307953,-20.44683167,0.1241486068111455,2694.0,43,0.3423552184608176,1825.0
2022-06-22,50.53189181,2.268784209,2685.0,-754206.6590715944,3159.0,-54.839217,2271.0,3631.0,2383.0,0.1272402483307953,-20.44683167,0.1241486068111455,2694.0,43,0.3423552184608176,1825.0
2022-06-22,44.35558404,2.532049149,3213.0,-446842.556768844,3565.0,-54.839051,2552.0,4150.0,2800.0,0.0954993947422515,-20.446942,0.1225317825263727,2682.0,44,0.2275168101774661,2013.0
2022-06-22,48.45501216,2.624597293,3213.0,-446842.556768844,3565.0,-54.839051,2552.0,4150.0,2800.0,0.0954993947422515,-20.446942,0.1225317825263727,2682.0,44,0.2275168101774661,2013.0
2022-04-20,58.7107711,5.786000154,2073.0,-5970154.396588125,3819.0,-54.83907833,1305.0,4194.0,2291.0,0.34393470306783,-20.446484,0.1862537123462028,4009.0,45,1.126355755699409,1565.0
2022-04-20,61.04519871,5.783110044,2073.0,-5970154.396588125,3819.0,-54.83907833,1305.0,4194.0,2291.0,0.34393470306783,-20.446484,0.1862537123462028,4009.0,45,1.126355755699409,1565.0
2022-04-20,60.18924475,7.124578025,2031.0,-7125607.648920345,4031.0,-54.83861033,1301.0,4401.0,2335.0,0.3729925457369886,-20.44663733,0.2054231717337715,4207.0,46,1.2314870304764245,1537.0
2022-04-20,59.31672753,7.223354582,2031.0,-7125607.648920345,4031.0,-54.83861033,1301.0,4401.0,2335.0,0.3729925457369886,-20.44663733,0.2054231717337715,4207.0,46,1.2314870304764245,1537.0
2022-04-20,52.63143048,6.680432704,2072.0,-6882150.010846582,3944.0,-54.838897,1299.0,4322.0,2326.0,0.3661858616531951,-20.44633833,0.1930986887508626,4180.0,47,1.20686044746126,1556.0
2022-04-20,52.44791886,6.51203639,2072.0,-6882150.010846582,3944.0,-54.838897,1299.0,4322.0,2326.0,0.3661858616531951,-20.44633833,0.1930986887508626,4180.0,47,1.20686044746126,1556.0
2022-04-20,54.6374969,7.538986903,2046.0,-6468816.853734583,3893.0,-54.838811,1311.0,4210.0,2306.0,0.357022566520714,-20.44671033,0.1899378179762577,4094.0,48,1.1737076456719433,1550.0
2022-04-20,55.23320331,7.271757344,2046.0,-6468816.853734583,3893.0,-54.838811,1311.0,4210.0,2306.0,0.357022566520714,-20.44671033,0.1899378179762577,4094.0,48,1.1737076456719433,1550.0
2022-04-20,44.98223209,3.082142645,1859.0,-6332182.838613641,3687.0,-54.83924367,1356.0,4374.0,2124.0,0.3615091174409118,-20.44692733,0.2343727952589248,3955.0,49,1.1899399869012193,1438.0
2022-04-20,45.53597896,3.16388557,1859.0,-6332182.838613641,3687.0,-54.83924367,1356.0,4374.0,2124.0,0.3615091174409118,-20.44692733,0.2343727952589248,3955.0,49,1.1899399869012193,1438.0
2022-04-20,48.65100318,3.658248606,1866.0,-6107735.014032733,3668.0,-54.83911033,1359.0,4331.0,2139.0,0.3572254335260115,-20.446941,0.2291755356889456,3892.0,50,1.1744416184971098,1420.0
2022-04-20,51.62994532,3.836273814,1866.0,-6107735.014032733,3668.0,-54.83911033,1359.0,4331.0,2139.0,0.3572254335260115,-20.446941,0.2291755356889456,3892.0,50,1.1744416184971098,1420.0
2022-04-06,55.8207313,9.58697173,2142.0,-4754130.546514892,3636.0,-54.838854,1309.0,3970.0,2204.0,0.3114753161881476,-20.44615233,0.1503911909591422,3747.0,51,1.008917693968718,1566.0
2022-04-06,54.38994674,9.670904535,2142.0,-4754130.546514892,3636.0,-54.838854,1309.0,3970.0,2204.0,0.3114753161881476,-20.44615233,0.1503911909591422,3747.0,51,1.008917693968718,1566.0
2022-04-06,54.53465595,6.639711346,2122.0,-5055280.910210092,3632.0,-54.83932933,1321.0,3984.0,2210.0,0.3196963666344459,-20.44665567,0.1509461216235736,3819.0,52,1.0386614544834254,1570.0
2022-04-06,53.78200751,6.11769724,2122.0,-5055280.910210092,3632.0,-54.83932933,1321.0,3984.0,2210.0,0.3196963666344459,-20.44665567,0.1509461216235736,3819.0,52,1.0386614544834254,1570.0
2022-04-06,60.28727268,7.962381874,2163.0,-6861171.376118913,3838.0,-54.83899467,1369.0,4357.0,2224.0,0.3683665894315344,-20.44704667,0.1892998498703425,4138.0,53,1.2147503205632917,1518.0
2022-04-06,60.67244732,8.135262155,2163.0,-6861171.376118913,3838.0,-54.83899467,1369.0,4357.0,2224.0,0.3683665894315344,-20.44704667,0.1892998498703425,4138.0,53,1.2147503205632917,1518.0
2022-04-06,58.81055681,8.608928308,2097.0,-5887360.100262395,3871.0,-54.83874133,1369.0,4245.0,2228.0,0.3453093698779821,-20.447071,0.1760631666435794,3940.0,54,1.1313293002185394,1513.0
2022-04-06,57.32815206,8.451011648,2097.0,-5887360.100262395,3871.0,-54.83874133,1369.0,4245.0,2228.0,0.3453093698779821,-20.447071,0.1760631666435794,3940.0,54,1.1313293002185394,1513.0
2022-04-06,56.37384648,7.972521079,2148.0,-6829776.1522453725,3870.0,-54.839704,1300.0,4335.0,2241.0,0.3674362117242232,-20.44656733,0.173842404549147,4135.0,55,1.2113842140182394,1521.0
2022-04-06,57.11351203,7.891813573,2148.0,-6829776.1522453725,3870.0,-54.839704,1300.0,4335.0,2241.0,0.3674362117242232,-20.44656733,0.173842404549147,4135.0,55,1.2113842140182394,1521.0
2022-04-06,59.92512136,7.804520603,2103.0,-3862811.33180982,3499.0,-54.83924033,1326.0,3872.0,2182.0,0.283425790305281,-20.44671567,0.1475992886781268,3547.0,56,0.9074345093245064,1581.0
2022-04-06,60.01880931,7.78506766,2103.0,-3862811.33180982,3499.0,-54.83924033,1326.0,3872.0,2182.0,0.283425790305281,-20.44671567,0.1475992886781268,3547.0,56,0.9074345093245064,1581.0
2022-04-06,53.65869286,8.597778863,2131.0,-7395035.085700852,3902.0,-54.83974233,1296.0,4362.0,2214.0,0.3804323501767891,-20.44650433,0.1762167992449777,4236.0,57,1.2584042429396232,1516.0
2022-04-06,53.8609648,8.767578658,2131.0,-7395035.085700852,3902.0,-54.83974233,1296.0,4362.0,2214.0,0.3804323501767891,-20.44650433,0.1762167992449777,4236.0,57,1.2584042429396232,1516.0
2022-04-06,48.65361454,4.857827097,1995.0,-7405885.649845396,3738.0,-54.839105,1365.0,4252.0,2120.0,0.3903964201709597,-20.44705267,0.1905361892762144,4107.0,58,1.2944542481785324,1385.0
2022-04-06,50.59093738,4.78858098,1995.0,-7405885.649845396,3738.0,-54.839105,1365.0,4252.0,2120.0,0.3903964201709597,-20.44705267,0.1905361892762144,4107.0,58,1.2944542481785324,1385.0
2022-04-06,53.16082172,7.800289068,2055.0,-6073204.507418062,3885.0,-54.838734,1306.0,4275.0,2186.0,0.3500943053220015,-20.44613667,0.1898135263011411,3976.0,59,1.1486411966550016,1511.0
2022-04-06,55.70141032,7.880248611,2055.0,-6073204.507418062,3885.0,-54.838734,1306.0,4275.0,2186.0,0.3500943053220015,-20.44613667,0.1898135263011411,3976.0,59,1.1486411966550016,1511.0
2022-04-06,42.25234896,3.882340283,2126.0,-8164595.160330427,3656.0,-54.83909767,1371.0,4215.0,2133.0,0.401598525130119,-20.447101,0.1700208188757807,4309.0,60,1.3349834639207705,1451.0
2022-04-06,42.33528657,3.785281776,2126.0,-8164595.160330427,3656.0,-54.83909767,1371.0,4215.0,2133.0,0.401598525130119,-20.447101,0.1700208188757807,4309.0,60,1.3349834639207705,1451.0
2022-08-03,53.45224519,4.370941203,2959.0,-1339686.4179930163,3209.0,-54.838977,1438.0,3614.0,2740.0,0.1534522787265846,-20.44698433,-0.0052298375997797,3425.0,61,0.4371903444327831,2267.0
2022-08-03,53.1967557,4.368763355,3099.0,-1286978.763216368,3229.0,-54.83844733,1402.0,3478.0,2711.0,0.1477095262883914,-20.44684633,-0.0317371937639198,3510.0,61,0.4164130661114003,2375.0
2022-08-03,52.30018893,4.201980296,2958.0,-1200010.846213519,3139.0,-54.83904833,1397.0,3395.0,2671.0,0.1461910300598636,-20.44640333,-0.0225996833165395,3345.0,62,0.4109191467565867,2249.0
2022-08-03,52.86403073,4.278554882,2992.0,-998907.1398124348,3081.0,-54.83859467,1391.0,3401.0,2653.0,0.1341705576128374,-20.446358,-0.0242432936451011,3245.0,62,0.3674290774432459,2245.0
2022-08-03,55.46456159,3.908210472,3017.0,-1021016.015203418,3105.0,-54.83925533,1404.0,3394.0,2665.0,0.1350492108103486,-20.44625233,-0.0249928181557023,3277.0,63,0.3706080447118415,2266.0
2022-08-03,53.11088562,3.997033437,2996.0,-941783.4124246415,3113.0,-54.83917867,1401.0,3380.0,2670.0,0.1293245820591776,-20.446368,-0.0245310245310245,3265.0,63,0.3498963378901047,2294.0
2022-08-03,55.234959,5.184525929,3112.0,-1346640.4894625875,3216.0,-54.83947833,1408.0,3552.0,2721.0,0.1534107125868138,-20.44671433,-0.0306999590667212,3443.0,64,0.4370399581390923,2282.0
2022-08-03,56.24841714,5.097676234,3225.0,-1070095.6605327749,3189.0,-54.83970767,1405.0,3546.0,2761.0,0.1353762281959253,-20.44668167,-0.0460048426150121,3411.0,64,0.371791193612858,2376.0
2022-08-03,56.89049791,4.66320803,2959.0,-1339686.4179930163,3209.0,-54.83899567,1438.0,3614.0,2740.0,0.1534522787265846,-20.44697667,-0.0052298375997797,3425.0,65,0.4371903444327831,2267.0
2022-08-03,56.45272487,4.753563942,2959.0,-1339686.4179930163,3209.0,-54.83899567,1438.0,3614.0,2740.0,0.1534522787265846,-20.44697667,-0.0052298375997797,3425.0,65,0.4371903444327831,2267.0
2022-08-03,53.14119991,4.255927401,2958.0,-1200010.846213519,3139.0,-54.83902033,1397.0,3395.0,2671.0,0.1461910300598636,-20.446394,-0.0225996833165395,3345.0,66,0.4109191467565867,2249.0
2022-08-03,52.95361742,4.357613312,2958.0,-1200010.846213519,3139.0,-54.83902033,1397.0,3395.0,2671.0,0.1461910300598636,-20.446394,-0.0225996833165395,3345.0,66,0.4109191467565867,2249.0
2022-08-03,54.66282246,5.076250965,3112.0,-1346640.4894625875,3216.0,-54.83950333,1408.0,3552.0,2721.0,0.1534107125868138,-20.446715,-0.0306999590667212,3443.0,67,0.4370399581390923,2282.0
2022-08-03,54.62946915,5.162731786,3112.0,-1346640.4894625875,3216.0,-54.83950333,1408.0,3552.0,2721.0,0.1534107125868138,-20.446715,-0.0306999590667212,3443.0,67,0.4370399581390923,2282.0
2022-08-03,45.51545678,1.783013546,2982.0,-1453105.2877656508,3239.0,-54.83930567,1451.0,3796.0,2691.0,0.1569249986987977,-20.44704067,0.0047644256220222,3561.0,68,0.44975464529225,2355.0
2022-08-03,45.08127736,1.690486959,2982.0,-1453105.2877656508,3239.0,-54.83930567,1451.0,3796.0,2691.0,0.1569249986987977,-20.44704067,0.0047644256220222,3561.0,68,0.44975464529225,2355.0
2022-08-03,45.54053307,2.230373848,2847.0,-1417162.39200131,3196.0,-54.839098,1445.0,3644.0,2702.0,0.1588067757557655,-20.446931,-0.0061366425746624,3414.0,69,0.4565629146843598,2223.0
2022-08-03,49.43708436,2.223709384,2847.0,-1417162.39200131,3196.0,-54.839098,1445.0,3644.0,2702.0,0.1588067757557655,-20.446931,-0.0061366425746624,3414.0,69,0.4565629146843598,2223.0
2022-08-24,53.62957861,5.003295388,2138.0,-1293793.1455460188,2641.0,-54.83844733,2235.0,2583.0,2450.0,0.1488406646298078,-20.44684633,-0.0291298628077429,3484.0,70,0.4205055246306449,2346.0
2022-08-24,52.82765349,4.916400454,2138.0,-1293793.1455460188,2641.0,-54.83844733,2235.0,2583.0,2450.0,0.1488406646298078,-20.44684633,-0.0291298628077429,3484.0,70,0.4205055246306449,2346.0
2022-08-24,52.11225514,5.826622929,3161.0,-391208.31694772793,2991.0,-54.83859467,2844.0,3589.0,2554.0,0.0873872062896453,-20.446358,0.0627776132662126,2768.0,71,0.1981669123559367,2142.0
2022-08-24,51.21145046,6.002912647,3161.0,-391208.31694772793,2991.0,-54.83859467,2844.0,3589.0,2554.0,0.0873872062896453,-20.446358,0.0627776132662126,2768.0,71,0.1981669123559367,2142.0
2022-08-24,52.6861468,5.088650711,3123.0,-473985.5639095682,3190.0,-54.83917867,2794.0,3476.0,2798.0,0.0928411271370976,-20.446368,0.0267316496824693,3002.0,72,0.2178991979820192,2313.0
2022-08-24,51.00433329,5.014366771,3123.0,-473985.5639095682,3190.0,-54.83917867,2794.0,3476.0,2798.0,0.0928411271370976,-20.446368,0.0267316496824693,3002.0,72,0.2178991979820192,2313.0
2022-08-24,45.97762787,5.082901022,2456.0,-383735.3192103711,2542.0,-54.83970767,1991.0,2812.0,2221.0,0.0902106856012105,-20.44668167,0.0104204096298957,2550.0,73,0.2083822605051798,1930.0
2022-08-24,44.96619128,4.993727319,2456.0,-383735.3192103711,2542.0,-54.83970767,1991.0,2812.0,2221.0,0.0902106856012105,-20.44668167,0.0104204096298957,2550.0,73,0.2083822605051798,1930.0
2022-08-24,44.42768088,2.62865625,2555.0,-540909.2085402801,3022.0,-54.83921267,2182.0,3060.0,2677.0,0.0974627893426558,-20.44693833,-0.0042303937520338,3131.0,74,0.2346203718417289,2395.0
2022-08-24,43.81754235,2.623412048,2555.0,-540909.2085402801,3022.0,-54.83921267,2182.0,3060.0,2677.0,0.0974627893426558,-20.44693833,-0.0042303937520338,3131.0,74,0.2346203718417289,2395.0
2022-08-24,43.96892452,2.143874757,2508.0,-1662664.851506538,3045.0,-54.839056,2217.0,3056.0,2707.0,0.1700608527826701,-20.446994,-0.0097213220998055,3547.0,75,0.4972801653677006,2257.0
2022-08-24,42.86780896,2.320215403,2508.0,-1662664.851506538,3045.0,-54.839056,2217.0,3056.0,2707.0,0.1700608527826701,-20.446994,-0.0097213220998055,3547.0,75,0.4972801653677006,2257.0
2022-09-08,54.53937836,5.517078298,2944.0,-1012946.8221606808,3145.0,-54.83867117,1443.0,3369.0,2646.0,0.1359018375763857,-20.44675783,-0.0153441473038141,3218.0,76,0.3736928483513636,2211.0
2022-09-08,55.76008132,5.437476818,2932.0,-1027085.5365213008,3153.0,-54.83863333,1430.0,3365.0,2621.0,0.1368701811977625,-20.44660133,-0.0146412884333821,3222.0,76,0.3771963155735049,2208.0
2022-09-08,49.88184933,4.635479741,2918.0,-1133054.5549083815,3146.0,-54.83883833,1435.0,3336.0,2591.0,0.1434907734758989,-20.44620933,-0.015929203539823,3268.0,77,0.4011496184358024,2203.0
2022-09-08,49.09764712,4.7263715,2918.0,-1133054.5549083815,3146.0,-54.83883833,1435.0,3336.0,2591.0,0.1434907734758989,-20.44620933,-0.015929203539823,3268.0,77,0.4011496184358024,2203.0
2022-09-08,46.65341046,4.518474279,3088.0,-1325832.0576810772,3277.0,-54.83958,1442.0,3521.0,2683.0,0.1536754033979339,-20.44654033,-0.0185365853658536,3384.0,78,0.4379976094937249,2232.0
2022-09-08,48.86346292,4.520727883,3088.0,-1325832.0576810772,3277.0,-54.83958,1442.0,3521.0,2683.0,0.1536754033979339,-20.44654033,-0.0185365853658536,3384.0,78,0.4379976094937249,2232.0
2022-09-08,52.1304974,4.857595564,2952.0,-1078381.0108671894,3171.0,-54.838753,1454.0,3421.0,2639.0,0.1402356066168531,-20.446898,-0.0101273148148148,3240.0,79,0.3893724247397745,2201.0
2022-09-08,51.66965061,4.770016781,2952.0,-1078381.0108671894,3171.0,-54.838753,1454.0,3421.0,2639.0,0.1402356066168531,-20.446898,-0.0101273148148148,3240.0,79,0.3893724247397745,2201.0
2022-09-08,52.31855989,5.254616672,3088.0,-1325832.0576810772,3277.0,-54.83958967,1442.0,3521.0,2683.0,0.1536754033979339,-20.44653433,-0.0185365853658536,3384.0,80,0.4379976094937249,2232.0
2022-09-08,53.05830801,5.156308504,3088.0,-1325832.0576810772,3277.0,-54.83958967,1442.0,3521.0,2683.0,0.1536754033979339,-20.44653433,-0.0185365853658536,3384.0,80,0.4379976094937249,2232.0
2022-09-08,47.16882536,2.724853044,2820.0,-1465174.6711002414,3093.0,-54.83919,1460.0,3381.0,2545.0,0.1637637258614161,-20.44685133,-0.0218429046723564,3351.0,81,0.4744971601666036,2140.0
2022-09-08,46.66795262,2.72213363,2820.0,-1465174.6711002414,3093.0,-54.83919,1460.0,3381.0,2545.0,0.1637637258614161,-20.44685133,-0.0218429046723564,3351.0,81,0.4744971601666036,2140.0
2022-09-08,43.73030856,2.263555138,2809.0,-1533741.585457999,3134.0,-54.839276,1463.0,3486.0,2536.0,0.1670207488568717,-20.446959,-0.0130237825594563,3388.0,82,0.4862810693641619,2149.0
2022-09-08,44.42764416,2.349407907,2809.0,-1533741.585457999,3134.0,-54.839276,1463.0,3486.0,2536.0,0.1670207488568717,-20.446959,-0.0130237825594563,3388.0,82,0.4862810693641619,2149.0
2022-10-13,53.99822474,5.525871375,3011.0,-736956.925679909,3273.0,-54.83881133,2286.0,3515.0,2834.0,0.1112233271182929,-20.446649,-0.0011366865586814,3344.0,83,0.2844059975139839,2485.0
2022-10-13,51.61702,5.51760736,3011.0,-736956.925679909,3273.0,-54.83881133,2286.0,3515.0,2834.0,0.1112233271182929,-20.446649,-0.0011366865586814,3344.0,83,0.2844059975139839,2485.0
2022-10-13,54.12061915,6.342969674,2885.0,-1362940.527528494,3468.0,-54.83845533,2284.0,3832.0,2819.0,0.1506521380221231,-20.44655367,0.0314939434724091,3584.0,84,0.4270594353640415,2416.0
2022-10-13,56.24990629,6.409883893,2885.0,-1362940.527528494,3468.0,-54.83845533,2284.0,3832.0,2819.0,0.1506521380221231,-20.44655367,0.0314939434724091,3584.0,84,0.4270594353640415,2416.0
2022-10-13,58.22656143,5.961588672,2993.0,-757703.3228034502,3309.0,-54.83887367,2285.0,3555.0,2818.0,0.112667384150506,-20.44620033,-0.0005622715771717,3358.0,85,0.2896305958565308,2487.0
2022-10-13,61.83276443,5.952681916,2993.0,-757703.3228034502,3309.0,-54.83887367,2285.0,3555.0,2818.0,0.112667384150506,-20.44620033,-0.0005622715771717,3358.0,85,0.2896305958565308,2487.0
2022-10-13,53.38577459,7.43264317,3179.0,-984972.658009198,3375.0,-54.83945867,2290.0,3664.0,2895.0,0.1267784734492937,-20.44661767,-0.0119994606983955,3519.0,86,0.3406845169395446,2526.0
2022-10-13,54.75400907,7.27529309,3179.0,-984972.658009198,3375.0,-54.83945867,2290.0,3664.0,2895.0,0.1267784734492937,-20.44661767,-0.0119994606983955,3519.0,86,0.3406845169395446,2526.0
2022-10-13,56.31959727,6.596545217,3011.0,-736956.925679909,3273.0,-54.83877533,2286.0,3515.0,2834.0,0.1112233271182929,-20.44666533,-0.0011366865586814,3344.0,87,0.2844059975139839,2485.0
2022-10-13,56.71011609,6.774830222,3011.0,-736956.925679909,3273.0,-54.83877533,2286.0,3515.0,2834.0,0.1112233271182929,-20.44666533,-0.0011366865586814,3344.0,87,0.2844059975139839,2485.0
2022-10-13,62.55497634,6.573655061,2993.0,-757703.3228034502,3309.0,-54.83885667,2285.0,3555.0,2818.0,0.112667384150506,-20.44619733,-0.0005622715771717,3358.0,88,0.2896305958565308,2487.0
2022-10-13,57.91734778,6.395988708,2993.0,-757703.3228034502,3309.0,-54.83885667,2285.0,3555.0,2818.0,0.112667384150506,-20.44619733,-0.0005622715771717,3358.0,88,0.2896305958565308,2487.0
2022-10-13,55.23757898,7.317059553,3179.0,-984972.658009198,3375.0,-54.83945433,2290.0,3664.0,2895.0,0.1267784734492937,-20.44661933,-0.0119994606983955,3519.0,89,0.3406845169395446,2526.0
2022-10-13,56.27781036,7.209802612,3179.0,-984972.658009198,3375.0,-54.83945433,2290.0,3664.0,2895.0,0.1267784734492937,-20.44661933,-0.0119994606983955,3519.0,89,0.3406845169395446,2526.0
2022-10-13,47.46546275,3.102118611,2884.0,-1834517.2950625352,3375.0,-54.83909433,2298.0,3765.0,2763.0,0.1746800325897507,-20.44713733,0.0170178282009724,3719.0,90,0.5139923579097181,2364.0
2022-10-13,47.45718081,3.187569365,2884.0,-1834517.2950625352,3375.0,-54.83909433,2298.0,3765.0,2763.0,0.1746800325897507,-20.44713733,0.0170178282009724,3719.0,90,0.5139923579097181,2364.0
2022-10-13,48.37706302,3.095733169,2857.0,-1148014.0327701813,3344.0,-54.83920733,2295.0,3719.0,2787.0,0.1381058880517794,-20.446985,0.0045921123716909,3523.0,91,0.3816671029713378,2451.0
2022-10-13,50.92177821,3.184182689,2857.0,-1148014.0327701813,3344.0,-54.83920733,2295.0,3719.0,2787.0,0.1381058880517794,-20.446985,0.0045921123716909,3523.0,91,0.3816671029713378,2451.0
2022-11-03,59.57582613,11.28527577,2900.0,-4171472.364146358,4132.0,-54.838467,1664.0,4511.0,2887.0,0.2651703943679521,-20.446566,0.0815152241668664,4166.0,92,0.8413864868232508,2123.0
2022-11-03,58.9879759,11.28527577,2900.0,-4171472.364146358,4132.0,-54.838467,1664.0,4511.0,2887.0,0.2651703943679521,-20.446566,0.0815152241668664,4166.0,92,0.8413864868232508,2123.0
2022-11-03,54.61568769,6.529754381,2905.0,-4504648.805204692,4131.0,-54.838841,1819.0,4468.0,2913.0,0.2750912219596135,-20.44644733,0.0814474161926661,4232.0,93,0.8772800410498818,2109.0
2022-11-03,56.22993068,6.529754381,2905.0,-4504648.805204692,4131.0,-54.838841,1819.0,4468.0,2913.0,0.2750912219596135,-20.44644733,0.0814474161926661,4232.0,93,0.8772800410498818,2109.0
2022-11-03,59.86944291,6.245302578,2872.0,-4200116.460066466,4148.0,-54.838975,1964.0,4493.0,2910.0,0.2650935198212364,-20.446119,0.0836951278340569,4192.0,94,0.8411083547132335,2142.0
2022-11-03,57.67164571,6.15734057,2872.0,-4200116.460066466,4148.0,-54.838975,1964.0,4493.0,2910.0,0.2650935198212364,-20.446119,0.0836951278340569,4192.0,94,0.8411083547132335,2142.0
2022-11-03,52.42788252,5.846966965,3112.0,-4390796.872968842,4306.0,-54.83974067,2088.0,4693.0,3097.0,0.2599980152823261,-20.44663,0.0767465871285992,4466.0,95,0.8226728192914557,2370.0
2022-11-03,52.37077989,5.758376556,3112.0,-4390796.872968842,4306.0,-54.83974067,2088.0,4693.0,3097.0,0.2599980152823261,-20.44663,0.0767465871285992,4466.0,95,0.8226728192914557,2370.0
2022-11-03,57.42872756,8.834383197,2900.0,-4171472.364146358,4132.0,-54.83848333,1664.0,4511.0,2887.0,0.2651703943679521,-20.44658267,0.0815152241668664,4166.0,96,0.8413864868232508,2123.0
2022-11-03,57.98711437,8.909389619,2900.0,-4171472.364146358,4132.0,-54.83848333,1664.0,4511.0,2887.0,0.2651703943679521,-20.44658267,0.0815152241668664,4166.0,96,0.8413864868232508,2123.0
2022-11-03,63.51403535,7.061446936,2913.0,-4241200.7648863895,4083.0,-54.83885133,1799.0,4411.0,2899.0,0.2675658263887446,-20.446483,0.0754601974887236,4174.0,97,0.8500531598744779,2114.0
2022-11-03,59.96361871,7.142579579,2913.0,-4241200.7648863895,4083.0,-54.83885133,1799.0,4411.0,2899.0,0.2675658263887446,-20.446483,0.0754601974887236,4174.0,97,0.8500531598744779,2114.0
2022-11-03,58.16649217,6.7873313,2893.0,-4208322.060758226,4166.0,-54.838971,2063.0,4500.0,2924.0,0.2634714546911272,-20.44608067,0.081081081081081,4234.0,98,0.8352397230724984,2182.0
2022-11-03,57.91258319,6.7873313,2893.0,-4208322.060758226,4166.0,-54.838971,2063.0,4500.0,2924.0,0.2634714546911272,-20.44608067,0.081081081081081,4234.0,98,0.8352397230724984,2182.0
2022-11-03,56.82182351,6.172505598,3112.0,-4390796.872968842,4306.0,-54.83974067,2088.0,4693.0,3097.0,0.2599980152823261,-20.44663,0.0767465871285992,4466.0,99,0.8226728192914557,2370.0
2022-11-03,56.27132829,6.078251733,3112.0,-4390796.872968842,4306.0,-54.83974067,2088.0,4693.0,3097.0,0.2599980152823261,-20.44663,0.0767465871285992,4466.0,99,0.8226728192914557,2370.0
2022-11-03,47.95723003,3.839783221,3282.0,-3753631.883638443,4318.0,-54.83919167,2069.0,4749.0,3138.0,0.2378894857266308,-20.447129,0.0761386811692726,4417.0,100,0.7426841593589505,2479.0
2022-11-03,48.60888313,3.74861537,3282.0,-3753631.883638443,4318.0,-54.83919167,2069.0,4749.0,3138.0,0.2378894857266308,-20.447129,0.0761386811692726,4417.0,100,0.7426841593589505,2479.0
2022-11-03,49.18051365,4.685130458,3217.0,-3714986.549995005,4271.0,-54.83906333,2003.0,4611.0,3173.0,0.2356369040635144,-20.44710233,0.0615862783469552,4436.0,101,0.7345343189017951,2508.0
2022-11-03,49.45251349,4.773529145,3217.0,-3714986.549995005,4271.0,-54.83906333,2003.0,4611.0,3173.0,0.2356369040635144,-20.44710233,0.0615862783469552,4436.0,101,0.7345343189017951,2508.0
2022-11-16,60.82144633,7.012551963,2722.0,-2144566.544154253,3400.0,-54.8392,1473.0,3607.0,2638.0,0.1980500519120955,-20.44662033,0.0378362825492734,3532.0,102,0.5985450878179616,2067.0
2022-11-16,60.22046799,6.936485826,2722.0,-2144566.544154253,3400.0,-54.8392,1473.0,3607.0,2638.0,0.1980500519120955,-20.44662033,0.0378362825492734,3532.0,102,0.5985450878179616,2067.0
2022-11-16,62.20618811,6.692712603,2662.0,-2609607.1013792614,3468.0,-54.83891567,1470.0,3667.0,2636.0,0.21868808799489,-20.44659167,0.0526769054112243,3633.0,103,0.6732135023655123,2017.0
2022-11-16,62.03681113,6.689376256,2662.0,-2609607.1013792614,3468.0,-54.83891567,1470.0,3667.0,2636.0,0.21868808799489,-20.44659167,0.0526769054112243,3633.0,103,0.6732135023655123,2017.0
2022-11-16,61.50032705,7.691690092,2667.0,-3008227.7575851027,3565.0,-54.838761,1460.0,3780.0,2680.0,0.2330761211834625,-20.44644767,0.060159865376525,3757.0,104,0.7252694064417673,2022.0
2022-11-16,60.80495218,7.77442166,2667.0,-3008227.7575851027,3565.0,-54.838761,1460.0,3780.0,2680.0,0.2330761211834625,-20.44644767,0.060159865376525,3757.0,104,0.7252694064417673,2022.0
2022-11-16,61.74848091,10.3764658,2653.0,-3191305.716406314,3602.0,-54.83861,1462.0,3816.0,2669.0,0.2396984655005901,-20.44650467,0.0635451505016722,3802.0,105,0.7492290481811352,2015.0
2022-11-16,62.58858256,10.2700468,2653.0,-3191305.716406314,3602.0,-54.83861,1462.0,3816.0,2669.0,0.2396984655005901,-20.44650467,0.0635451505016722,3802.0,105,0.7492290481811352,2015.0
2022-11-16,55.21459755,3.764080749,2619.0,-4191903.8578543873,3630.0,-54.839328,1504.0,4105.0,2522.0,0.2731744795279204,-20.44703067,0.084830866807611,4017.0,106,0.870345266932016,1969.0
2022-11-16,50.24819078,3.765958096,2619.0,-4191903.8578543873,3630.0,-54.839328,1504.0,4105.0,2522.0,0.2731744795279204,-20.44703067,0.084830866807611,4017.0,106,0.870345266932016,1969.0
2022-11-16,48.22581516,3.313307795,2650.0,-3053481.6811614395,3480.0,-54.839336,1492.0,3776.0,2582.0,0.2387117214556499,-20.44689767,0.0503477051460361,3677.0,107,0.7456590082265413,1929.0
2022-11-16,47.64542383,3.225365994,2650.0,-3053481.6811614395,3480.0,-54.839336,1492.0,3776.0,2582.0,0.2387117214556499,-20.44689767,0.0503477051460361,3677.0,107,0.7456590082265413,1929.0
2022-11-29,61.03904246,6.782504718,2823.0,-3450027.498517885,4001.0,-54.83891667,1883.0,4341.0,2937.0,0.2406237049316203,-20.44683733,0.08525,4048.0,108,0.7525765644426026,2190.0
2022-11-29,61.70799257,6.779123609,2823.0,-3450027.498517885,4001.0,-54.83891667,1883.0,4341.0,2937.0,0.2406237049316203,-20.44683733,0.08525,4048.0,108,0.7525765644426026,2190.0
2022-11-29,65.68387123,7.425362234,2865.0,-3015207.405286889,4009.0,-54.83890167,1899.0,4249.0,3099.0,0.2139710664800835,-20.44654067,0.0564395822973644,4254.0,109,0.6561473185249423,2517.0
2022-11-29,66.47055506,7.432772775,2865.0,-3015207.405286889,4009.0,-54.83890167,1899.0,4249.0,3099.0,0.2139710664800835,-20.44654067,0.0564395822973644,4254.0,109,0.6561473185249423,2517.0
2022-11-29,59.8190781,6.26078705,3415.0,-1477346.5821139591,4584.0,-54.839277,2233.0,4880.0,3854.0,0.1329577859029758,-20.44642867,0.0306230200633579,4642.0,110,0.3630412693969664,3426.0
2022-11-29,62.53379538,6.43966668,3415.0,-1477346.5821139591,4584.0,-54.839277,2233.0,4880.0,3854.0,0.1329577859029758,-20.44642867,0.0306230200633579,4642.0,110,0.3630412693969664,3426.0
2022-11-29,57.68945055,7.34375275,3074.0,-2757071.366492579,4354.0,-54.83950267,2201.0,4696.0,3485.0,0.1941472947953096,-20.44625767,0.0617228125706534,4522.0,111,0.5844249125694301,2861.0
2022-11-29,59.36336075,7.358432916,3074.0,-2757071.366492579,4354.0,-54.83950267,2201.0,4696.0,3485.0,0.1941472947953096,-20.44625767,0.0617228125706534,4522.0,111,0.5844249125694301,2861.0
2022-11-29,50.36191709,3.901457377,2711.0,-5785988.185096549,4205.0,-54.83928233,1820.0,4704.0,2651.0,0.3084868502030936,-20.447131,0.12,4492.0,112,0.9981054240347924,2086.0
2022-11-29,50.43848775,3.818504215,2711.0,-5785988.185096549,4205.0,-54.83928233,1820.0,4704.0,2651.0,0.3084868502030936,-20.447131,0.12,4492.0,112,0.9981054240347924,2086.0
2022-11-29,50.05227387,3.54200336,2682.0,-6147419.302758124,4032.0,-54.83914733,1845.0,4611.0,2752.0,0.3307936914441812,-20.447028,0.1208070004861448,4322.0,113,1.0788115756450476,1842.0
2022-11-29,48.18443054,3.366581448,2682.0,-6147419.302758124,4032.0,-54.83914733,1845.0,4611.0,2752.0,0.3307936914441812,-20.447028,0.1208070004861448,4322.0,113,1.0788115756450476,1842.0
2022-12-08,58.98983715,8.878789887,2825.0,-1961227.617956485,3584.0,-54.838885,1439.0,3814.0,2823.0,0.1863091375256657,-20.44665567,0.0432166301969365,3577.0,114,0.5560664595678585,2176.0
2022-12-08,59.28834045,8.816358815,2825.0,-1961227.617956485,3584.0,-54.838885,1439.0,3814.0,2823.0,0.1863091375256657,-20.44665567,0.0432166301969365,3577.0,114,0.5560664595678585,2176.0
2022-12-08,64.99296178,7.284470086,2878.0,-2394552.224573777,3680.0,-54.83908933,1423.0,3918.0,2884.0,0.2036756347101175,-20.44636967,0.0494174367215749,3740.0,115,0.6188984463812051,2192.0
2022-12-08,63.44974869,7.206412371,2878.0,-2394552.224573777,3680.0,-54.83908933,1423.0,3918.0,2884.0,0.2036756347101175,-20.44636967,0.0494174367215749,3740.0,115,0.6188984463812051,2192.0
2022-12-08,59.84674958,8.86746866,2727.0,-2847411.664953376,3744.0,-54.83929367,1423.0,4010.0,2851.0,0.2244179491815658,-20.446281,0.0696185649506535,3781.0,116,0.6939441401389052,2093.0
2022-12-08,59.99212514,9.040313642,2727.0,-2847411.664953376,3744.0,-54.83929367,1423.0,4010.0,2851.0,0.2244179491815658,-20.446281,0.0696185649506535,3781.0,116,0.6939441401389052,2093.0
2022-12-08,58.29646835,8.854434332,2735.0,-4749838.008439312,4049.0,-54.83992233,1439.0,4407.0,2954.0,0.2853552542017906,-20.44641533,0.0923286652621142,4215.0,117,0.9144153097020784,2035.0
2022-12-08,55.37073983,8.845606381,2735.0,-4749838.008439312,4049.0,-54.83992233,1439.0,4407.0,2954.0,0.2853552542017906,-20.44641533,0.0923286652621142,4215.0,117,0.9144153097020784,2035.0
2022-12-08,61.11751275,8.174209225,2825.0,-1961227.617956485,3584.0,-54.83886033,1439.0,3814.0,2823.0,0.1863091375256657,-20.44666267,0.0432166301969365,3577.0,118,0.5560664595678585,2176.0
2022-12-08,60.64693166,8.238356607,2825.0,-1961227.617956485,3584.0,-54.83886033,1439.0,3814.0,2823.0,0.1863091375256657,-20.44666267,0.0432166301969365,3577.0,118,0.5560664595678585,2176.0
2022-12-08,59.63300601,6.632659458,2878.0,-2394552.224573777,3680.0,-54.839064,1423.0,3918.0,2884.0,0.2036756347101175,-20.44637167,0.0494174367215749,3740.0,119,0.6188984463812051,2192.0
2022-12-08,59.52127029,6.728998863,2878.0,-2394552.224573777,3680.0,-54.839064,1423.0,3918.0,2884.0,0.2036756347101175,-20.44637167,0.0494174367215749,3740.0,119,0.6188984463812051,2192.0
2022-12-08,58.68149409,6.947032966,2727.0,-2847411.664953376,3744.0,-54.83935133,1423.0,4010.0,2851.0,0.2244179491815658,-20.446239,0.0696185649506535,3781.0,120,0.6939441401389052,2093.0
2022-12-08,57.85210608,7.116821456,2727.0,-2847411.664953376,3744.0,-54.83935133,1423.0,4010.0,2851.0,0.2244179491815658,-20.446239,0.0696185649506535,3781.0,120,0.6939441401389052,2093.0
2022-12-08,48.38306772,3.102356296,2630.0,-4041765.8847310287,3758.0,-54.83932433,1478.0,4239.0,2680.0,0.2697996157602687,-20.44699367,0.0840046029919447,3959.0,121,0.8581350098206523,1948.0
2022-12-08,46.71547257,3.099263219,2630.0,-4041765.8847310287,3758.0,-54.83932433,1478.0,4239.0,2680.0,0.2697996157602687,-20.44699367,0.0840046029919447,3959.0,121,0.8581350098206523,1948.0
2022-12-08,50.01197029,3.18962694,2648.0,-3177027.42264626,3656.0,-54.839234,1469.0,4053.0,2740.0,0.2407507426411018,-20.44686533,0.0744962884411452,3763.0,122,0.7530361868755063,1980.0
2022-12-08,50.27605839,3.096383937,2648.0,-3177027.42264626,3656.0,-54.839234,1469.0,4053.0,2740.0,0.2407507426411018,-20.44686533,0.0744962884411452,3763.0,122,0.7530361868755063,1980.0
2022-12-14,56.18176664,5.53921984,2810.0,-2260310.3098891904,3586.0,-54.83875967,1544.0,3827.0,2742.0,0.2025229184845253,-20.44690667,0.0400869683380894,3581.0,123,0.6147279190770125,2077.0
2022-12-14,54.18502918,5.533699939,2810.0,-2260310.3098891904,3586.0,-54.83875967,1544.0,3827.0,2742.0,0.2025229184845253,-20.44690667,0.0400869683380894,3581.0,123,0.6147279190770125,2077.0
2022-12-14,59.67405631,6.422165559,2785.0,-3046508.356668742,3741.0,-54.838639,1551.0,4061.0,2732.0,0.2328,-20.44702633,0.0693877551020408,3806.0,124,0.7242704,2060.0
2022-12-14,58.78550362,6.5981153,2785.0,-3046508.356668742,3741.0,-54.838639,1551.0,4061.0,2732.0,0.2328,-20.44702633,0.0693877551020408,3806.0,124,0.7242704,2060.0
2022-12-14,55.02744909,5.448168805,2692.0,-4299045.058968683,3895.0,-54.83838667,1510.0,4278.0,2724.0,0.2751626564208158,-20.44676633,0.0909090909090909,4065.0,125,0.8775384909305115,1991.0
2022-12-14,54.60297005,5.536042496,2692.0,-4299045.058968683,3895.0,-54.83838667,1510.0,4278.0,2724.0,0.2751626564208158,-20.44676633,0.0909090909090909,4065.0,125,0.8775384909305115,1991.0
2022-12-14,54.93817007,6.765042953,2585.0,-5204808.111774741,3926.0,-54.838541,1479.0,4304.0,2709.0,0.3059506188729433,-20.44618733,0.0992210445664666,4154.0,126,0.988929339082309,1872.0
2022-12-14,56.39175597,6.765042953,2585.0,-5204808.111774741,3926.0,-54.838541,1479.0,4304.0,2709.0,0.3059506188729433,-20.44618733,0.0992210445664666,4154.0,126,0.988929339082309,1872.0
2022-12-14,49.09963233,3.872089847,2791.0,-3431458.455827732,3728.0,-54.839372,1554.0,4128.0,2663.0,0.2494426914502945,-20.44689467,0.0648781116986972,3829.0,127,0.7844836576671655,1976.0
2022-12-14,51.63133684,3.862433763,2791.0,-3431458.455827732,3728.0,-54.839372,1554.0,4128.0,2663.0,0.2494426914502945,-20.44689467,0.0648781116986972,3829.0,127,0.7844836576671655,1976.0
2022-12-14,46.51708307,2.70729826,2715.0,-3166335.8131441427,3675.0,-54.83928167,1558.0,4074.0,2647.0,0.2432890492591985,-20.44685567,0.0660735313358628,3695.0,128,0.7622197802197802,1915.0
2022-12-14,46.34537039,2.798811954,2715.0,-3166335.8131441427,3675.0,-54.83928167,1558.0,4074.0,2647.0,0.2432890492591985,-20.44685567,0.0660735313358628,3695.0,128,0.7622197802197802,1915.0
2023-01-13,56.04455877,12.84745318,1554.0,-493437.4463275451,2255.0,-54.83970533,1353.0,2348.0,1812.0,0.1112369933416035,-20.446494,0.0865340120314669,2202.0,129,0.2844554419099218,1499.0
2023-01-13,58.09555815,12.94077772,1554.0,-493437.4463275451,2255.0,-54.83970533,1353.0,2348.0,1812.0,0.1112369933416035,-20.446494,0.0865340120314669,2202.0,129,0.2844554419099218,1499.0
2023-01-13,56.85898933,14.97255333,1377.0,-476720.05915105046,2025.0,-54.83957967,1350.0,2064.0,1617.0,0.1116576392569515,-20.446353,0.0883205905615607,2097.0,130,0.2859773388316506,1406.0
2023-01-13,59.5808137,15.28227408,1377.0,-476720.05915105046,2025.0,-54.83957967,1350.0,2064.0,1617.0,0.1116576392569515,-20.446353,0.0883205905615607,2097.0,130,0.2859773388316506,1406.0
2023-01-13,55.69850668,11.62889458,2139.0,-869461.031972182,2888.0,-54.83886333,1541.0,3092.0,2265.0,0.1349232976237303,-20.44649567,0.0784792465992326,2802.0,131,0.3701524908026563,1869.0
2023-01-13,57.33882079,11.85469836,2139.0,-869461.031972182,2888.0,-54.83886333,1541.0,3092.0,2265.0,0.1349232976237303,-20.44649567,0.0784792465992326,2802.0,131,0.3701524908026563,1869.0
2023-01-13,57.43209519,11.21134007,2343.0,-2320851.7628096184,3401.0,-54.838894,1496.0,3607.0,2593.0,0.2017837471400728,-20.446131,0.0877563329312424,3688.0,132,0.6120535971527836,2164.0
2023-01-13,57.82975226,11.44126471,2343.0,-2320851.7628096184,3401.0,-54.838894,1496.0,3607.0,2593.0,0.2017837471400728,-20.446131,0.0877563329312424,3688.0,132,0.6120535971527836,2164.0
2023-01-13,59.53320675,11.29850205,1545.0,-747263.8084926516,2237.0,-54.839732,1330.0,2362.0,1807.0,0.1340536586575417,-20.44652533,0.0968191316461574,2414.0,133,0.3670061370229859,1549.0
2023-01-13,57.00212789,11.50150353,1545.0,-747263.8084926516,2237.0,-54.839732,1330.0,2362.0,1807.0,0.1340536586575417,-20.44652533,0.0968191316461574,2414.0,133,0.3670061370229859,1549.0
2023-01-13,55.68850288,9.346861909,1377.0,-476720.05915105046,2025.0,-54.83957867,1350.0,2064.0,1617.0,0.1116576392569515,-20.44636867,0.0883205905615607,2097.0,134,0.2859773388316506,1406.0
2023-01-13,56.09451303,9.562553545,1377.0,-476720.05915105046,2025.0,-54.83957867,1350.0,2064.0,1617.0,0.1116576392569515,-20.44636867,0.0883205905615607,2097.0,134,0.2859773388316506,1406.0
2023-01-13,54.69502026,11.24260347,2153.0,-1541167.7797918185,3299.0,-54.83935233,1533.0,3687.0,2369.0,0.1751012259905485,-20.44696467,0.1446755665942254,3151.0,135,0.5155162356338044,1909.0
2023-01-13,53.35925066,11.46745554,2153.0,-1541167.7797918185,3299.0,-54.83935233,1533.0,3687.0,2369.0,0.1751012259905485,-20.44696467,0.1446755665942254,3151.0,135,0.5155162356338044,1909.0
2023-01-13,47.85295272,5.35946659,2241.0,-1616560.7822129757,3340.0,-54.839212,1560.0,3665.0,2496.0,0.1736433431257985,-20.44685833,0.1290819470117067,3343.0,136,0.5102416154291393,2071.0
2023-01-13,48.19630659,5.585560738,2241.0,-1616560.7822129757,3340.0,-54.839212,1560.0,3665.0,2496.0,0.1736433431257985,-20.44685833,0.1290819470117067,3343.0,136,0.5102416154291393,2071.0
2023-01-26,58.77634488,3.447456816,2640.0,-3067467.141301536,3556.0,-54.83952667,1368.0,3901.0,2437.0,0.2434550608637652,-20.44685033,0.0689135498013426,3587.0,137,0.7628204102051026,1835.0
2023-01-26,59.110245,3.657080001,2640.0,-3067467.141301536,3556.0,-54.83952667,1368.0,3901.0,2437.0,0.2434550608637652,-20.44685033,0.0689135498013426,3587.0,137,0.7628204102051026,1835.0
2023-01-26,57.14413797,16.57818832,2739.0,-3398182.7564807227,3553.0,-54.83962267,1362.0,3889.0,2488.0,0.2545526830184095,-20.446771,0.0550732501356484,3687.0,138,0.8029716071606056,1843.0
2023-01-26,58.31329542,16.77561367,2739.0,-3398182.7564807227,3553.0,-54.83962267,1362.0,3889.0,2488.0,0.2545526830184095,-20.446771,0.0550732501356484,3687.0,138,0.8029716071606056,1843.0
2023-01-26,56.95634528,13.26584631,2509.0,-4654386.009577642,3655.0,-54.839911,1340.0,4075.0,2455.0,0.3004734057365636,-20.44642167,0.0924932975871313,3863.0,139,0.9691127819548871,1705.0
2023-01-26,56.84824079,13.50900461,2509.0,-4654386.009577642,3655.0,-54.839911,1340.0,4075.0,2455.0,0.3004734057365636,-20.44642167,0.0924932975871313,3863.0,139,0.9691127819548871,1705.0
2023-01-26,53.52079449,9.902765451,2527.0,-2118274.0499746394,3285.0,-54.83849533,1327.0,3563.0,2410.0,0.2044116986387528,-20.44655667,0.0563296768455381,3324.0,140,0.6215615256750078,1868.0
2023-01-26,54.0620363,10.0975357,2527.0,-2118274.0499746394,3285.0,-54.83849533,1327.0,3563.0,2410.0,0.2044116986387528,-20.44655667,0.0563296768455381,3324.0,140,0.6215615256750078,1868.0
2023-01-26,50.8555267,8.133570108,2412.0,-3925961.6024687146,3548.0,-54.83928367,1376.0,3968.0,2247.0,0.2842440999988527,-20.44692833,0.1025284801333703,3585.0,141,0.9103951537958492,1603.0
2023-01-26,50.334203,8.364747374,2412.0,-3925961.6024687146,3548.0,-54.83928367,1376.0,3968.0,2247.0,0.2842440999988527,-20.44692833,0.1025284801333703,3585.0,141,0.9103951537958492,1603.0
2023-01-26,43.50167265,4.490763208,2221.0,-4118469.196806854,3526.0,-54.839109,1383.0,4042.0,2231.0,0.2923757619053106,-20.44700333,0.1287349902261938,3597.0,142,0.9398155065734138,1567.0
2023-01-26,45.48467853,4.710600171,2221.0,-4118469.196806854,3526.0,-54.839109,1383.0,4042.0,2231.0,0.2923757619053106,-20.44700333,0.1287349902261938,3597.0,142,0.9398155065734138,1567.0
2023-02-09,60.29195187,4.43303538,2779.0,-3796334.8601711895,3792.0,-54.83937133,1566.0,4146.0,2694.0,0.2581484307118486,-20.44632067,0.0615798233260786,3986.0,143,0.8159810223154683,2037.0
2023-02-09,59.44089187,4.660370528,2779.0,-3796334.8601711895,3792.0,-54.83937133,1566.0,4146.0,2694.0,0.2581484307118486,-20.44632067,0.0615798233260786,3986.0,143,0.8159810223154683,2037.0
2023-02-09,62.52238446,10.85289099,2671.0,-4319803.638920925,3856.0,-54.838811,1603.0,4286.0,2699.0,0.275752849048195,-20.44605,0.0830069488313329,4070.0,144,0.8796738078563696,1991.0
2023-02-09,62.38942954,11.09797836,2671.0,-4319803.638920925,3856.0,-54.838811,1603.0,4286.0,2699.0,0.275752849048195,-20.44605,0.0830069488313329,4070.0,144,0.8796738078563696,1991.0
2023-02-09,62.29979832,13.6417341,2791.0,-3711092.348142299,3863.0,-54.83939967,1573.0,4147.0,2701.0,0.2548429416307832,-20.44667067,0.0662038822470754,3979.0,145,0.8040217628201738,2052.0
2023-02-09,61.49124123,13.8898481,2791.0,-3711092.348142299,3863.0,-54.83939967,1573.0,4147.0,2701.0,0.2548429416307832,-20.44667067,0.0662038822470754,3979.0,145,0.8040217628201738,2052.0
2023-02-09,59.02257787,10.53047164,2664.0,-4715019.023974152,3920.0,-54.838672,1621.0,4328.0,2686.0,0.2898999498147416,-20.447191,0.1023942944472745,4101.0,146,0.9308580184297354,1929.0
2023-02-09,57.89106252,10.7569334,2664.0,-4715019.023974152,3920.0,-54.838672,1621.0,4328.0,2686.0,0.2898999498147416,-20.447191,0.1023942944472745,4101.0,146,0.9308580184297354,1929.0
2023-02-09,48.84696466,7.419596669,2779.0,-3796334.8601711895,3792.0,-54.83936433,1566.0,4146.0,2694.0,0.2581484307118486,-20.446287,0.0615798233260786,3986.0,147,0.8159810223154683,2037.0
2023-02-09,48.30937213,7.651712077,2779.0,-3796334.8601711895,3792.0,-54.83936433,1566.0,4146.0,2694.0,0.2581484307118486,-20.446287,0.0615798233260786,3986.0,147,0.8159810223154683,2037.0
2023-02-09,60.66950702,11.17514965,2729.0,-4053844.867356313,3824.0,-54.838828,1616.0,4264.0,2721.0,0.2668001992390763,-20.446057,0.0758168285606156,4031.0,148,0.8472831208469781,2017.0
2023-02-09,60.63537099,11.408907,2729.0,-4053844.867356313,3824.0,-54.838828,1616.0,4264.0,2721.0,0.2668001992390763,-20.446057,0.0758168285606156,4031.0,148,0.8472831208469781,2017.0
2023-02-09,55.58708859,11.12614408,2387.0,-6829810.403742749,4065.0,-54.839176,1648.0,4774.0,2548.0,0.3558709171504187,-20.447006,0.1595822200631527,4305.0,149,1.169540978250215,1691.0
2023-02-09,55.13794577,11.22846452,2387.0,-6829810.403742749,4065.0,-54.839176,1648.0,4774.0,2548.0,0.3558709171504187,-20.447006,0.1595822200631527,4305.0,149,1.169540978250215,1691.0
2023-02-09,47.91061496,4.206732732,2442.0,-6028971.994833862,3867.0,-54.83910367,1624.0,4532.0,2551.0,0.3335252642671678,-20.446971,0.1354127520982087,4207.0,150,1.0886944061186132,1751.0
2023-02-09,47.01575914,4.438551173,2442.0,-6028971.994833862,3867.0,-54.83910367,1624.0,4532.0,2551.0,0.3335252642671678,-20.446971,0.1354127520982087,4207.0,150,1.0886944061186132,1751.0
2023-03-01,58.18542757,5.148421938,2255.0,-3866760.953033775,3575.0,-54.838468,1295.0,3932.0,2352.0,0.2766121411214112,-20.44679533,0.1211861990305104,3676.0,151,0.882782726577266,1709.0
2023-03-01,59.12916775,5.37226637,2255.0,-3866760.953033775,3575.0,-54.838468,1295.0,3932.0,2352.0,0.2766121411214112,-20.44679533,0.1211861990305104,3676.0,151,0.882782726577266,1709.0
2023-03-01,56.3779176,9.042283413,2258.0,-3645841.0263700746,3557.0,-54.838597,1320.0,3856.0,2333.0,0.2713870007047537,-20.447019,0.1180052189040301,3582.0,152,0.8638781685497988,1672.0
2023-03-01,57.21758825,9.260928448,2258.0,-3645841.0263700746,3557.0,-54.838597,1320.0,3856.0,2333.0,0.2713870007047537,-20.447019,0.1180052189040301,3582.0,152,0.8638781685497988,1672.0
2023-03-01,41.12103528,7.726366136,2196.0,-4793468.190348347,3688.0,-54.83859867,1246.0,4064.0,2328.0,0.308763816828333,-20.44614833,0.143017859654057,3820.0,153,0.9991074892849088,1630.0
2023-03-01,41.13311596,7.938423038,2196.0,-4793468.190348347,3688.0,-54.83859867,1246.0,4064.0,2328.0,0.308763816828333,-20.44614833,0.143017859654057,3820.0,153,0.9991074892849088,1630.0
2023-03-01,56.59557836,7.692826263,2144.0,-4854961.417563796,3746.0,-54.838516,1255.0,4161.0,2324.0,0.3120469372961218,-20.44636533,0.1593758707160769,3808.0,154,1.0109858191373688,1604.0
2023-03-01,57.2437095,7.922138114,2144.0,-4854961.417563796,3746.0,-54.838516,1255.0,4161.0,2324.0,0.3120469372961218,-20.44636533,0.1593758707160769,3808.0,154,1.0109858191373688,1604.0
2023-03-01,54.01985154,7.958123502,2047.0,-5945726.830972044,3779.0,-54.83931067,1303.0,4504.0,2139.0,0.3498238689171667,-20.44693667,0.2033128506545551,3907.0,155,1.1476627577423093,1468.0
2023-03-01,53.69373756,8.190470116,2047.0,-5945726.830972044,3779.0,-54.83931067,1303.0,4504.0,2139.0,0.3498238689171667,-20.44693667,0.2033128506545551,3907.0,155,1.1476627577423093,1468.0
2023-03-01,52.91677388,2.941602021,2075.0,-5704394.904654071,3604.0,-54.83916767,1313.0,4196.0,2217.0,0.3434366087036525,-20.446972,0.1692907900236867,3860.0,156,1.124553650289815,1471.0
2023-03-01,52.64853604,3.167879099,2075.0,-5704394.904654071,3604.0,-54.83916767,1313.0,4196.0,2217.0,0.3434366087036525,-20.446972,0.1692907900236867,3860.0,156,1.124553650289815,1471.0
