Date,CP,B9,B6,B5,SampleID,Longitude,B8A,TDN_based_ADF,B7,Latitude,Delta_days,B11,GEMI,EVI,B1,B4
2022-07-06,4.632362746,3280.0,2952.0,2427.0,1,-54.839505,3272.0,47.99895872,3147.0,-20.44671667,4,3499.0,-1341990.624065628,0.1609740108223424,1325.0,2012.0
2022-07-06,4.811976056,3280.0,2952.0,2427.0,1,-54.839505,3272.0,52.44721853,3147.0,-20.44671667,4,3499.0,-1341990.624065628,0.1609740108223424,1325.0,2012.0
2022-07-06,4.644871037,3260.0,2956.0,2435.0,2,-54.83885633,3303.0,49.69773698,3096.0,-20.44699567,4,3415.0,-1268877.254579512,0.1566008581782609,1358.0,2019.0
2022-07-06,4.647188837,3260.0,2956.0,2435.0,2,-54.83885633,3303.0,50.62115786,3096.0,-20.44699567,4,3415.0,-1268877.254579512,0.1566008581782609,1358.0,2019.0
2022-07-06,5.006476461,3194.0,2861.0,2381.0,3,-54.83924633,3156.0,47.12037117,3025.0,-20.446424,4,3323.0,-1152285.9144877994,0.1506193061975496,1318.0,1986.0
2022-07-06,4.908830785,3194.0,2861.0,2381.0,3,-54.83924633,3156.0,54.54078847,3025.0,-20.446424,4,3323.0,-1152285.9144877994,0.1506193061975496,1318.0,1986.0
2022-07-06,5.873590871,3184.0,2897.0,2391.0,4,-54.83876267,3147.0,51.82397028,3041.0,-20.44633333,4,3344.0,-1208778.7864584832,0.1541289751263857,1314.0,1983.0
2022-07-06,5.785925335,3184.0,2897.0,2391.0,4,-54.83876267,3147.0,44.13031441,3041.0,-20.44633333,4,3344.0,-1208778.7864584832,0.1541289751263857,1314.0,1983.0
2022-07-06,4.811648506,3194.0,2861.0,2381.0,5,-54.839261,3156.0,50.04360893,3025.0,-20.446437,4,3323.0,-1152285.9144877994,0.1506193061975496,1318.0,1986.0
2022-07-06,4.724163988,3194.0,2861.0,2381.0,5,-54.839261,3156.0,47.45754752,3025.0,-20.446437,4,3323.0,-1152285.9144877994,0.1506193061975496,1318.0,1986.0
2022-07-06,5.569296814,3184.0,2897.0,2391.0,6,-54.83876433,3147.0,49.96751289,3041.0,-20.44631867,4,3344.0,-1208778.7864584832,0.1541289751263857,1314.0,1983.0
2022-07-06,5.495982242,3184.0,2897.0,2391.0,6,-54.83876433,3147.0,51.15011768,3041.0,-20.44631867,4,3344.0,-1208778.7864584832,0.1541289751263857,1314.0,1983.0
2022-07-06,2.184244027,3322.0,3068.0,2431.0,7,-54.83930267,3570.0,39.71977991,3307.0,-20.446936,4,3452.0,-1815585.956319232,0.1847952446754842,1355.0,2026.0
2022-07-06,2.097922179,3322.0,3068.0,2431.0,7,-54.83930267,3570.0,39.94216274,3307.0,-20.446936,4,3452.0,-1815585.956319232,0.1847952446754842,1355.0,2026.0
2022-07-06,2.51860294,3348.0,3054.0,2449.0,8,-54.83926867,3564.0,44.99006643,3331.0,-20.447077,4,3499.0,-1683349.1834539694,0.1770399144534404,1367.0,2068.0
2022-07-06,2.517344268,3348.0,3054.0,2449.0,8,-54.83926867,3564.0,45.6389018,3331.0,-20.447077,4,3499.0,-1683349.1834539694,0.1770399144534404,1367.0,2068.0
2022-06-02,4.971290278,3786.0,3589.0,2531.0,25,-54.83885933,4057.0,52.16173204,3850.0,-20.44697833,5,3178.0,-4126621.009712011,0.280911302809113,1357.0,1780.0
2022-06-02,5.153428538,3786.0,3589.0,2531.0,25,-54.83885933,4057.0,51.91894479,3850.0,-20.44697833,5,3178.0,-4126621.009712011,0.280911302809113,1357.0,1780.0
2022-06-02,4.722079746,4132.0,3751.0,2473.0,26,-54.838545,4169.0,52.29991626,4025.0,-20.446366,5,2995.0,-4249395.487146078,0.2871738306927825,1285.0,1732.0
2022-06-02,4.994371414,4132.0,3751.0,2473.0,26,-54.838545,4169.0,51.92080274,4025.0,-20.446366,5,2995.0,-4249395.487146078,0.2871738306927825,1285.0,1732.0
2022-06-02,5.325789098,3738.0,3512.0,2567.0,27,-54.83948333,3842.0,56.89019404,3733.0,-20.44669467,5,3307.0,-3461147.9231516304,0.2558427275226835,1320.0,1860.0
2022-06-02,5.309867456,3738.0,3512.0,2567.0,27,-54.83948333,3842.0,52.93481013,3733.0,-20.44669467,5,3307.0,-3461147.9231516304,0.2558427275226835,1320.0,1860.0
2022-06-02,5.425175171,3734.0,3629.0,2493.0,28,-54.83860133,3969.0,57.95038309,3803.0,-20.44709433,5,3161.0,-4407509.173725588,0.2890077949530982,1351.0,1784.0
2022-06-02,5.594600174,3734.0,3629.0,2493.0,28,-54.83860133,3969.0,58.01814277,3803.0,-20.44709433,5,3161.0,-4407509.173725588,0.2890077949530982,1351.0,1784.0
2022-06-02,5.936260378,3890.0,3505.0,2517.0,29,-54.83874067,3805.0,56.78438928,3699.0,-20.44635133,5,3152.0,-3209177.9493757747,0.2477136253552589,1296.0,1851.0
2022-06-02,6.014558985,3890.0,3505.0,2517.0,29,-54.83874067,3805.0,54.91068245,3699.0,-20.44635133,5,3152.0,-3209177.9493757747,0.2477136253552589,1296.0,1851.0
2022-06-02,5.766645524,3645.0,3352.0,2484.0,30,-54.839228,3618.0,56.80856683,3508.0,-20.44644167,5,3160.0,-2463095.7529425304,0.219097485821462,1319.0,1866.0
2022-06-02,5.845264177,3645.0,3352.0,2484.0,30,-54.839228,3618.0,56.97572872,3508.0,-20.44644167,5,3160.0,-2463095.7529425304,0.219097485821462,1319.0,1866.0
2022-06-02,2.705945433,3729.0,3599.0,2533.0,31,-54.83908333,4060.0,47.06351554,3853.0,-20.44707067,5,3217.0,-5936017.777836716,0.3357563266025924,1374.0,1679.0
2022-06-02,2.708648675,3729.0,3599.0,2533.0,31,-54.83908333,4060.0,47.145599,3853.0,-20.44707067,5,3217.0,-5936017.777836716,0.3357563266025924,1374.0,1679.0
2022-06-02,2.183589424,3719.0,3618.0,2474.0,32,-54.839329,4206.0,44.46956036,3901.0,-20.44699567,5,3192.0,-4723685.904790141,0.2990371389270976,1357.0,1765.0
2022-06-02,2.189040221,3719.0,3618.0,2474.0,32,-54.839329,4206.0,43.74818053,3901.0,-20.44699567,5,3192.0,-4723685.904790141,0.2990371389270976,1357.0,1765.0
2022-05-18,4.871028183,4135.0,3862.0,2374.0,33,-54.838422,4230.0,55.91948154,4171.0,-20.446899,5,2985.0,-6627481.189169895,0.3549295929956884,1303.0,1636.0
2022-05-18,4.86132494,4135.0,3862.0,2374.0,33,-54.838422,4230.0,53.31943777,4171.0,-20.446899,5,2985.0,-6627481.189169895,0.3549295929956884,1303.0,1636.0
2022-05-18,5.718676315,3786.0,3314.0,2395.0,34,-54.83885567,3686.0,50.14325176,3544.0,-20.44601967,5,3174.0,-3517170.145163348,0.2634002785640473,1295.0,1744.0
2022-05-18,5.718676315,3786.0,3314.0,2395.0,34,-54.83885567,3686.0,54.00406447,3544.0,-20.44601967,5,3174.0,-3517170.145163348,0.2634002785640473,1295.0,1744.0
2022-05-18,5.054008114,4322.0,3941.0,2372.0,35,-54.83854267,4440.0,54.0007637,4302.0,-20.44621533,5,2932.0,-6673890.996903616,0.3590883824346859,1284.0,1590.0
2022-05-18,5.13346519,4322.0,3941.0,2372.0,35,-54.83854267,4440.0,56.2033803,4302.0,-20.44621533,5,2932.0,-6673890.996903616,0.3590883824346859,1284.0,1590.0
2022-05-18,5.561901205,4001.0,3479.0,2378.0,36,-54.83898767,3894.0,51.09290674,3745.0,-20.446813,5,2982.0,-4245266.560255958,0.2898505884206026,1315.0,1681.0
2022-05-18,5.542502447,4001.0,3479.0,2378.0,36,-54.83898767,3894.0,54.50627285,3745.0,-20.446813,5,2982.0,-4245266.560255958,0.2898505884206026,1315.0,1681.0
2022-05-18,2.685987956,3862.0,3570.0,2333.0,37,-54.83918867,4117.0,51.26057131,3943.0,-20.446996,5,3027.0,-4667333.8927181,0.3027899834103035,1351.0,1671.0
2022-05-18,2.688668583,3862.0,3570.0,2333.0,37,-54.83918867,4117.0,50.96179154,3943.0,-20.446996,5,3027.0,-4667333.8927181,0.3027899834103035,1351.0,1671.0
2022-05-18,2.593293788,3883.0,3488.0,2368.0,38,-54.83923167,3962.0,46.73774633,3785.0,-20.446863,5,3008.0,-4114430.347282897,0.2851000449640288,1336.0,1695.0
2022-05-18,2.689111306,3883.0,3488.0,2368.0,38,-54.83923167,3962.0,46.90717585,3785.0,-20.446863,5,3008.0,-4114430.347282897,0.2851000449640288,1336.0,1695.0
2022-06-22,4.708278463,6610.0,3028.0,2377.0,39,-54.838631,3785.0,49.44313569,3421.0,-20.44614667,5,2724.0,-1391078.5209287675,0.1671691184804044,2633.0,1902.0
2022-06-22,4.795468805,6610.0,3028.0,2377.0,39,-54.838631,3785.0,47.8413243,3421.0,-20.44614667,5,2724.0,-1391078.5209287675,0.1671691184804044,2633.0,1902.0
2022-06-22,5.360591292,5082.0,3416.0,3091.0,40,-54.838848,3278.0,51.22156003,3383.0,-20.44657867,5,3231.0,-113220.60053102132,0.0425887919442731,2222.0,2778.0
2022-06-22,5.349896845,5082.0,3416.0,3091.0,40,-54.838848,3278.0,51.47087982,3383.0,-20.44657867,5,3231.0,-113220.60053102132,0.0425887919442731,2222.0,2778.0
2022-06-22,4.715676388,4965.0,2837.0,2427.0,41,-54.83916633,2929.0,56.64865127,2959.0,-20.44647667,5,2634.0,-278224.66831580416,0.0747977062036764,2131.0,2094.0
2022-06-22,4.623732241,4965.0,2837.0,2427.0,41,-54.83916633,2929.0,54.67441186,2959.0,-20.44647667,5,2634.0,-278224.66831580416,0.0747977062036764,2131.0,2094.0
2022-06-22,5.088014662,7094.0,4193.0,3613.0,42,-54.838801,4400.0,47.81167332,4329.0,-20.44703067,5,3952.0,-550.2072783116698,-0.0028226677400985,2906.0,3057.0
2022-06-22,4.905219072,7094.0,4193.0,3613.0,42,-54.838801,4400.0,47.90197734,4329.0,-20.44703067,5,3952.0,-550.2072783116698,-0.0028226677400985,2906.0,3057.0
2022-06-22,2.354868882,5051.0,3159.0,2383.0,43,-54.839217,3631.0,53.90830402,3482.0,-20.44683167,5,2829.0,-754206.6590715944,0.1272402483307953,2271.0,1825.0
2022-06-22,2.268784209,5051.0,3159.0,2383.0,43,-54.839217,3631.0,50.53189181,3482.0,-20.44683167,5,2829.0,-754206.6590715944,0.1272402483307953,2271.0,1825.0
2022-06-22,2.532049149,5927.0,3565.0,2800.0,44,-54.839051,4150.0,44.35558404,3935.0,-20.446942,5,3244.0,-446842.556768844,0.0954993947422515,2552.0,2013.0
2022-06-22,2.624597293,5927.0,3565.0,2800.0,44,-54.839051,4150.0,48.45501216,3935.0,-20.446942,5,3244.0,-446842.556768844,0.0954993947422515,2552.0,2013.0
2022-04-20,5.786000154,4235.0,3819.0,2291.0,45,-54.83907833,4194.0,58.7107711,4102.0,-20.446484,2,2877.0,-5970154.396588125,0.34393470306783,1305.0,1565.0
2022-04-20,5.783110044,4235.0,3819.0,2291.0,45,-54.83907833,4194.0,61.04519871,4102.0,-20.446484,2,2877.0,-5970154.396588125,0.34393470306783,1305.0,1565.0
2022-04-20,7.124578025,4493.0,4031.0,2335.0,46,-54.83861033,4401.0,60.18924475,4302.0,-20.44663733,2,2901.0,-7125607.648920345,0.3729925457369886,1301.0,1537.0
2022-04-20,7.223354582,4493.0,4031.0,2335.0,46,-54.83861033,4401.0,59.31672753,4302.0,-20.44663733,2,2901.0,-7125607.648920345,0.3729925457369886,1301.0,1537.0
2022-04-20,6.680432704,4324.0,3944.0,2326.0,47,-54.838897,4322.0,52.63143048,4235.0,-20.44633833,2,2923.0,-6882150.010846582,0.3661858616531951,1299.0,1556.0
2022-04-20,6.51203639,4324.0,3944.0,2326.0,47,-54.838897,4322.0,52.44791886,4235.0,-20.44633833,2,2923.0,-6882150.010846582,0.3661858616531951,1299.0,1556.0
2022-04-20,7.538986903,4386.0,3893.0,2306.0,48,-54.838811,4210.0,54.6374969,4176.0,-20.44671033,2,2866.0,-6468816.853734583,0.357022566520714,1311.0,1550.0
2022-04-20,7.271757344,4386.0,3893.0,2306.0,48,-54.838811,4210.0,55.23320331,4176.0,-20.44671033,2,2866.0,-6468816.853734583,0.357022566520714,1311.0,1550.0
2022-04-20,3.082142645,4220.0,3687.0,2124.0,49,-54.83924367,4374.0,44.98223209,4081.0,-20.44692733,2,2713.0,-6332182.838613641,0.3615091174409118,1356.0,1438.0
2022-04-20,3.16388557,4220.0,3687.0,2124.0,49,-54.83924367,4374.0,45.53597896,4081.0,-20.44692733,2,2713.0,-6332182.838613641,0.3615091174409118,1356.0,1438.0
2022-04-20,3.658248606,4215.0,3668.0,2139.0,50,-54.83911033,4331.0,48.65100318,4051.0,-20.446941,2,2716.0,-6107735.014032733,0.3572254335260115,1359.0,1420.0
2022-04-20,3.836273814,4215.0,3668.0,2139.0,50,-54.83911033,4331.0,51.62994532,4051.0,-20.446941,2,2716.0,-6107735.014032733,0.3572254335260115,1359.0,1420.0
2022-04-06,9.58697173,4034.0,3636.0,2204.0,51,-54.838854,3970.0,55.8207313,3946.0,-20.44615233,3,2932.0,-4754130.546514892,0.3114753161881476,1309.0,1566.0
2022-04-06,9.670904535,4034.0,3636.0,2204.0,51,-54.838854,3970.0,54.38994674,3946.0,-20.44615233,3,2932.0,-4754130.546514892,0.3114753161881476,1309.0,1566.0
2022-04-06,6.639711346,4017.0,3632.0,2210.0,52,-54.83932933,3984.0,54.53465595,3987.0,-20.44665567,3,2939.0,-5055280.910210092,0.3196963666344459,1321.0,1570.0
2022-04-06,6.11769724,4017.0,3632.0,2210.0,52,-54.83932933,3984.0,53.78200751,3987.0,-20.44665567,3,2939.0,-5055280.910210092,0.3196963666344459,1321.0,1570.0
2022-04-06,7.962381874,4034.0,3838.0,2224.0,53,-54.83899467,4357.0,60.28727268,4327.0,-20.44704667,3,2970.0,-6861171.376118913,0.3683665894315344,1369.0,1518.0
2022-04-06,8.135262155,4034.0,3838.0,2224.0,53,-54.83899467,4357.0,60.67244732,4327.0,-20.44704667,3,2970.0,-6861171.376118913,0.3683665894315344,1369.0,1518.0
2022-04-06,8.608928308,4082.0,3871.0,2228.0,54,-54.83874133,4245.0,58.81055681,4205.0,-20.447071,3,2974.0,-5887360.100262395,0.3453093698779821,1369.0,1513.0
2022-04-06,8.451011648,4082.0,3871.0,2228.0,54,-54.83874133,4245.0,57.32815206,4205.0,-20.447071,3,2974.0,-5887360.100262395,0.3453093698779821,1369.0,1513.0
2022-04-06,7.972521079,4171.0,3870.0,2241.0,55,-54.839704,4335.0,56.37384648,4235.0,-20.44656733,3,3051.0,-6829776.1522453725,0.3674362117242232,1300.0,1521.0
2022-04-06,7.891813573,4171.0,3870.0,2241.0,55,-54.839704,4335.0,57.11351203,4235.0,-20.44656733,3,3051.0,-6829776.1522453725,0.3674362117242232,1300.0,1521.0
2022-04-06,7.804520603,3987.0,3499.0,2182.0,56,-54.83924033,3872.0,59.92512136,3818.0,-20.44671567,3,2876.0,-3862811.33180982,0.283425790305281,1326.0,1581.0
2022-04-06,7.78506766,3987.0,3499.0,2182.0,56,-54.83924033,3872.0,60.01880931,3818.0,-20.44671567,3,2876.0,-3862811.33180982,0.283425790305281,1326.0,1581.0
2022-04-06,8.597778863,4129.0,3902.0,2214.0,57,-54.83974233,4362.0,53.65869286,4300.0,-20.44650433,3,3055.0,-7395035.085700852,0.3804323501767891,1296.0,1516.0
2022-04-06,8.767578658,4129.0,3902.0,2214.0,57,-54.83974233,4362.0,53.8609648,4300.0,-20.44650433,3,3055.0,-7395035.085700852,0.3804323501767891,1296.0,1516.0
2022-04-06,4.857827097,4017.0,3738.0,2120.0,58,-54.839105,4252.0,48.65361454,4112.0,-20.44705267,3,2891.0,-7405885.649845396,0.3903964201709597,1365.0,1385.0
2022-04-06,4.78858098,4017.0,3738.0,2120.0,58,-54.839105,4252.0,50.59093738,4112.0,-20.44705267,3,2891.0,-7405885.649845396,0.3903964201709597,1365.0,1385.0
2022-04-06,7.800289068,4246.0,3885.0,2186.0,59,-54.838734,4275.0,53.16082172,4257.0,-20.44613667,3,2911.0,-6073204.507418062,0.3500943053220015,1306.0,1511.0
2022-04-06,7.880248611,4246.0,3885.0,2186.0,59,-54.838734,4275.0,55.70141032,4257.0,-20.44613667,3,2911.0,-6073204.507418062,0.3500943053220015,1306.0,1511.0
2022-04-06,3.882340283,4025.0,3656.0,2133.0,60,-54.83909767,4215.0,42.25234896,4037.0,-20.447101,3,2990.0,-8164595.160330427,0.401598525130119,1371.0,1451.0
2022-04-06,3.785281776,4025.0,3656.0,2133.0,60,-54.83909767,4215.0,42.33528657,4037.0,-20.447101,3,2990.0,-8164595.160330427,0.401598525130119,1371.0,1451.0
2022-08-03,4.370941203,3469.0,3209.0,2740.0,61,-54.838977,3614.0,53.45224519,3389.0,-20.44698433,2,3652.0,-1339686.4179930163,0.1534522787265846,1438.0,2267.0
2022-08-03,4.368763355,3475.0,3229.0,2711.0,61,-54.83844733,3478.0,53.1967557,3431.0,-20.44684633,2,3706.0,-1286978.763216368,0.1477095262883914,1402.0,2375.0
2022-08-03,4.201980296,3412.0,3139.0,2671.0,62,-54.83904833,3395.0,52.30018893,3297.0,-20.44640333,2,3552.0,-1200010.846213519,0.1461910300598636,1397.0,2249.0
2022-08-03,4.278554882,3462.0,3081.0,2653.0,62,-54.83859467,3401.0,52.86403073,3267.0,-20.446358,2,3570.0,-998907.1398124348,0.1341705576128374,1391.0,2245.0
2022-08-03,3.908210472,3407.0,3105.0,2665.0,63,-54.83925533,3394.0,55.46456159,3232.0,-20.44625233,2,3568.0,-1021016.015203418,0.1350492108103486,1404.0,2266.0
2022-08-03,3.997033437,3406.0,3113.0,2670.0,63,-54.83917867,3380.0,53.11088562,3247.0,-20.446368,2,3550.0,-941783.4124246415,0.1293245820591776,1401.0,2294.0
2022-08-03,5.184525929,3490.0,3216.0,2721.0,64,-54.83947833,3552.0,55.234959,3408.0,-20.44671433,2,3777.0,-1346640.4894625875,0.1534107125868138,1408.0,2282.0
2022-08-03,5.097676234,3520.0,3189.0,2761.0,64,-54.83970767,3546.0,56.24841714,3375.0,-20.44668167,2,3888.0,-1070095.6605327749,0.1353762281959253,1405.0,2376.0
2022-08-03,4.66320803,3469.0,3209.0,2740.0,65,-54.83899567,3614.0,56.89049791,3389.0,-20.44697667,2,3652.0,-1339686.4179930163,0.1534522787265846,1438.0,2267.0
2022-08-03,4.753563942,3469.0,3209.0,2740.0,65,-54.83899567,3614.0,56.45272487,3389.0,-20.44697667,2,3652.0,-1339686.4179930163,0.1534522787265846,1438.0,2267.0
2022-08-03,4.255927401,3412.0,3139.0,2671.0,66,-54.83902033,3395.0,53.14119991,3297.0,-20.446394,2,3552.0,-1200010.846213519,0.1461910300598636,1397.0,2249.0
2022-08-03,4.357613312,3412.0,3139.0,2671.0,66,-54.83902033,3395.0,52.95361742,3297.0,-20.446394,2,3552.0,-1200010.846213519,0.1461910300598636,1397.0,2249.0
2022-08-03,5.076250965,3490.0,3216.0,2721.0,67,-54.83950333,3552.0,54.66282246,3408.0,-20.446715,2,3777.0,-1346640.4894625875,0.1534107125868138,1408.0,2282.0
2022-08-03,5.162731786,3490.0,3216.0,2721.0,67,-54.83950333,3552.0,54.62946915,3408.0,-20.446715,2,3777.0,-1346640.4894625875,0.1534107125868138,1408.0,2282.0
2022-08-03,1.783013546,3498.0,3239.0,2691.0,68,-54.83930567,3796.0,45.51545678,3487.0,-20.44704067,2,3760.0,-1453105.2877656508,0.1569249986987977,1451.0,2355.0
2022-08-03,1.690486959,3498.0,3239.0,2691.0,68,-54.83930567,3796.0,45.08127736,3487.0,-20.44704067,2,3760.0,-1453105.2877656508,0.1569249986987977,1451.0,2355.0
2022-08-03,2.230373848,3475.0,3196.0,2702.0,69,-54.839098,3644.0,45.54053307,3405.0,-20.446931,2,3689.0,-1417162.39200131,0.1588067757557655,1445.0,2223.0
2022-08-03,2.223709384,3475.0,3196.0,2702.0,69,-54.839098,3644.0,49.43708436,3405.0,-20.446931,2,3689.0,-1417162.39200131,0.1588067757557655,1445.0,2223.0
2022-08-24,5.003295388,5716.0,2641.0,2450.0,70,-54.83844733,2583.0,53.62957861,2695.0,-20.44684633,3,2738.0,-1293793.1455460188,0.1488406646298078,2235.0,2346.0
2022-08-24,4.916400454,5716.0,2641.0,2450.0,70,-54.83844733,2583.0,52.82765349,2695.0,-20.44684633,3,2738.0,-1293793.1455460188,0.1488406646298078,2235.0,2346.0
2022-08-24,5.826622929,7749.0,2991.0,2554.0,71,-54.83859467,3589.0,52.11225514,3407.0,-20.446358,3,3165.0,-391208.31694772793,0.0873872062896453,2844.0,2142.0
2022-08-24,6.002912647,7749.0,2991.0,2554.0,71,-54.83859467,3589.0,51.21145046,3407.0,-20.446358,3,3165.0,-391208.31694772793,0.0873872062896453,2844.0,2142.0
2022-08-24,5.088650711,7505.0,3190.0,2798.0,72,-54.83917867,3476.0,52.6861468,3383.0,-20.446368,3,3295.0,-473985.5639095682,0.0928411271370976,2794.0,2313.0
2022-08-24,5.014366771,7505.0,3190.0,2798.0,72,-54.83917867,3476.0,51.00433329,3383.0,-20.446368,3,3295.0,-473985.5639095682,0.0928411271370976,2794.0,2313.0
2022-08-24,5.082901022,4967.0,2542.0,2221.0,73,-54.83970767,2812.0,45.97762787,2731.0,-20.44668167,3,2754.0,-383735.3192103711,0.0902106856012105,1991.0,1930.0
2022-08-24,4.993727319,4967.0,2542.0,2221.0,73,-54.83970767,2812.0,44.96619128,2731.0,-20.44668167,3,2754.0,-383735.3192103711,0.0902106856012105,1991.0,1930.0
2022-08-24,2.62865625,5283.0,3022.0,2677.0,74,-54.83921267,3060.0,44.42768088,3162.0,-20.44693833,3,3086.0,-540909.2085402801,0.0974627893426558,2182.0,2395.0
2022-08-24,2.623412048,5283.0,3022.0,2677.0,74,-54.83921267,3060.0,43.81754235,3162.0,-20.44693833,3,3086.0,-540909.2085402801,0.0974627893426558,2182.0,2395.0
2022-08-24,2.143874757,5410.0,3045.0,2707.0,75,-54.839056,3056.0,43.96892452,3129.0,-20.446994,3,3116.0,-1662664.851506538,0.1700608527826701,2217.0,2257.0
2022-08-24,2.320215403,5410.0,3045.0,2707.0,75,-54.839056,3056.0,42.86780896,3129.0,-20.446994,3,3116.0,-1662664.851506538,0.1700608527826701,2217.0,2257.0
2022-11-03,11.28527577,4377.0,4132.0,2887.0,92,-54.838467,4511.0,59.57582613,4402.0,-20.446566,4,3831.0,-4171472.364146358,0.2651703943679521,1664.0,2123.0
2022-11-03,11.28527577,4377.0,4132.0,2887.0,92,-54.838467,4511.0,58.9879759,4402.0,-20.446566,4,3831.0,-4171472.364146358,0.2651703943679521,1664.0,2123.0
2022-11-03,6.529754381,4374.0,4131.0,2913.0,93,-54.838841,4468.0,54.61568769,4410.0,-20.44644733,4,3795.0,-4504648.805204692,0.2750912219596135,1819.0,2109.0
2022-11-03,6.529754381,4374.0,4131.0,2913.0,93,-54.838841,4468.0,56.22993068,4410.0,-20.44644733,4,3795.0,-4504648.805204692,0.2750912219596135,1819.0,2109.0
2022-11-03,6.245302578,4408.0,4148.0,2910.0,94,-54.838975,4493.0,59.86944291,4412.0,-20.446119,4,3799.0,-4200116.460066466,0.2650935198212364,1964.0,2142.0
2022-11-03,6.15734057,4408.0,4148.0,2910.0,94,-54.838975,4493.0,57.67164571,4412.0,-20.446119,4,3799.0,-4200116.460066466,0.2650935198212364,1964.0,2142.0
2022-11-03,5.846966965,4639.0,4306.0,3097.0,95,-54.83974067,4693.0,52.42788252,4610.0,-20.44663,4,4024.0,-4390796.872968842,0.2599980152823261,2088.0,2370.0
2022-11-03,5.758376556,4639.0,4306.0,3097.0,95,-54.83974067,4693.0,52.37077989,4610.0,-20.44663,4,4024.0,-4390796.872968842,0.2599980152823261,2088.0,2370.0
2022-11-03,8.834383197,4377.0,4132.0,2887.0,96,-54.83848333,4511.0,57.42872756,4402.0,-20.44658267,4,3831.0,-4171472.364146358,0.2651703943679521,1664.0,2123.0
2022-11-03,8.909389619,4377.0,4132.0,2887.0,96,-54.83848333,4511.0,57.98711437,4402.0,-20.44658267,4,3831.0,-4171472.364146358,0.2651703943679521,1664.0,2123.0
2022-11-03,7.061446936,4383.0,4083.0,2899.0,97,-54.83885133,4411.0,63.51403535,4361.0,-20.446483,4,3792.0,-4241200.7648863895,0.2675658263887446,1799.0,2114.0
2022-11-03,7.142579579,4383.0,4083.0,2899.0,97,-54.83885133,4411.0,59.96361871,4361.0,-20.446483,4,3792.0,-4241200.7648863895,0.2675658263887446,1799.0,2114.0
2022-11-03,6.7873313,4476.0,4166.0,2924.0,98,-54.838971,4500.0,58.16649217,4415.0,-20.44608067,4,3825.0,-4208322.060758226,0.2634714546911272,2063.0,2182.0
2022-11-03,6.7873313,4476.0,4166.0,2924.0,98,-54.838971,4500.0,57.91258319,4415.0,-20.44608067,4,3825.0,-4208322.060758226,0.2634714546911272,2063.0,2182.0
2022-11-03,6.172505598,4639.0,4306.0,3097.0,99,-54.83974067,4693.0,56.82182351,4610.0,-20.44663,4,4024.0,-4390796.872968842,0.2599980152823261,2088.0,2370.0
2022-11-03,6.078251733,4639.0,4306.0,3097.0,99,-54.83974067,4693.0,56.27132829,4610.0,-20.44663,4,4024.0,-4390796.872968842,0.2599980152823261,2088.0,2370.0
2022-11-03,3.839783221,4532.0,4318.0,3138.0,100,-54.83919167,4749.0,47.95723003,4654.0,-20.447129,4,4077.0,-3753631.883638443,0.2378894857266308,2069.0,2479.0
2022-11-03,3.74861537,4532.0,4318.0,3138.0,100,-54.83919167,4749.0,48.60888313,4654.0,-20.447129,4,4077.0,-3753631.883638443,0.2378894857266308,2069.0,2479.0
2022-11-03,4.685130458,4479.0,4271.0,3173.0,101,-54.83906333,4611.0,49.18051365,4586.0,-20.44710233,4,4076.0,-3714986.549995005,0.2356369040635144,2003.0,2508.0
2022-11-03,4.773529145,4479.0,4271.0,3173.0,101,-54.83906333,4611.0,49.45251349,4586.0,-20.44710233,4,4076.0,-3714986.549995005,0.2356369040635144,2003.0,2508.0
2022-11-29,6.782504718,4426.0,4001.0,2937.0,108,-54.83891667,4341.0,61.03904246,4189.0,-20.44683733,5,3659.0,-3450027.498517885,0.2406237049316203,1883.0,2190.0
2022-11-29,6.779123609,4426.0,4001.0,2937.0,108,-54.83891667,4341.0,61.70799257,4189.0,-20.44683733,5,3659.0,-3450027.498517885,0.2406237049316203,1883.0,2190.0
2022-11-29,7.425362234,4428.0,4009.0,3099.0,109,-54.83890167,4249.0,65.68387123,4183.0,-20.44654067,5,3795.0,-3015207.405286889,0.2139710664800835,1899.0,2517.0
2022-11-29,7.432772775,4428.0,4009.0,3099.0,109,-54.83890167,4249.0,66.47055506,4183.0,-20.44654067,5,3795.0,-3015207.405286889,0.2139710664800835,1899.0,2517.0
2022-11-29,6.26078705,4734.0,4584.0,3854.0,110,-54.839277,4880.0,59.8190781,4789.0,-20.44642867,5,4590.0,-1477346.5821139591,0.1329577859029758,2233.0,3426.0
2022-11-29,6.43966668,4734.0,4584.0,3854.0,110,-54.839277,4880.0,62.53379538,4789.0,-20.44642867,5,4590.0,-1477346.5821139591,0.1329577859029758,2233.0,3426.0
2022-11-29,7.34375275,4749.0,4354.0,3485.0,111,-54.83950267,4696.0,57.68945055,4569.0,-20.44625767,5,4150.0,-2757071.366492579,0.1941472947953096,2201.0,2861.0
2022-11-29,7.358432916,4749.0,4354.0,3485.0,111,-54.83950267,4696.0,59.36336075,4569.0,-20.44625767,5,4150.0,-2757071.366492579,0.1941472947953096,2201.0,2861.0
2022-11-29,3.901457377,4451.0,4205.0,2651.0,112,-54.83928233,4704.0,50.36191709,4525.0,-20.447131,5,3696.0,-5785988.185096549,0.3084868502030936,1820.0,2086.0
2022-11-29,3.818504215,4451.0,4205.0,2651.0,112,-54.83928233,4704.0,50.43848775,4525.0,-20.447131,5,3696.0,-5785988.185096549,0.3084868502030936,1820.0,2086.0
2022-11-29,3.54200336,4448.0,4032.0,2752.0,113,-54.83914733,4611.0,50.05227387,4375.0,-20.447028,5,3617.0,-6147419.302758124,0.3307936914441812,1845.0,1842.0
2022-11-29,3.366581448,4448.0,4032.0,2752.0,113,-54.83914733,4611.0,48.18443054,4375.0,-20.447028,5,3617.0,-6147419.302758124,0.3307936914441812,1845.0,1842.0
2022-12-14,5.53921984,3972.0,3586.0,2742.0,123,-54.83875967,3827.0,56.18176664,3841.0,-20.44690667,5,3532.0,-2260310.3098891904,0.2025229184845253,1544.0,2077.0
2022-12-14,5.533699939,3972.0,3586.0,2742.0,123,-54.83875967,3827.0,54.18502918,3841.0,-20.44690667,5,3532.0,-2260310.3098891904,0.2025229184845253,1544.0,2077.0
2022-12-14,6.422165559,4044.0,3741.0,2732.0,124,-54.838639,4061.0,59.67405631,3922.0,-20.44702633,5,3534.0,-3046508.356668742,0.2328,1551.0,2060.0
2022-12-14,6.5981153,4044.0,3741.0,2732.0,124,-54.838639,4061.0,58.78550362,3922.0,-20.44702633,5,3534.0,-3046508.356668742,0.2328,1551.0,2060.0
2022-12-14,5.448168805,4059.0,3895.0,2724.0,125,-54.83838667,4278.0,55.02744909,4239.0,-20.44676633,5,3565.0,-4299045.058968683,0.2751626564208158,1510.0,1991.0
2022-12-14,5.536042496,4059.0,3895.0,2724.0,125,-54.83838667,4278.0,54.60297005,4239.0,-20.44676633,5,3565.0,-4299045.058968683,0.2751626564208158,1510.0,1991.0
2022-12-14,6.765042953,4189.0,3926.0,2709.0,126,-54.838541,4304.0,54.93817007,4249.0,-20.44618733,5,3527.0,-5204808.111774741,0.3059506188729433,1479.0,1872.0
2022-12-14,6.765042953,4189.0,3926.0,2709.0,126,-54.838541,4304.0,56.39175597,4249.0,-20.44618733,5,3527.0,-5204808.111774741,0.3059506188729433,1479.0,1872.0
2022-12-14,3.872089847,4096.0,3728.0,2663.0,127,-54.839372,4128.0,49.09963233,4057.0,-20.44689467,5,3625.0,-3431458.455827732,0.2494426914502945,1554.0,1976.0
2022-12-14,3.862433763,4096.0,3728.0,2663.0,127,-54.839372,4128.0,51.63133684,4057.0,-20.44689467,5,3625.0,-3431458.455827732,0.2494426914502945,1554.0,1976.0
2022-12-14,2.70729826,4051.0,3675.0,2647.0,128,-54.83928167,4074.0,46.51708307,3984.0,-20.44685567,5,3569.0,-3166335.8131441427,0.2432890492591985,1558.0,1915.0
2022-12-14,2.798811954,4051.0,3675.0,2647.0,128,-54.83928167,4074.0,46.34537039,3984.0,-20.44685567,5,3569.0,-3166335.8131441427,0.2432890492591985,1558.0,1915.0
2023-01-13,12.84745318,2234.0,2255.0,1812.0,129,-54.83970533,2348.0,56.04455877,2398.0,-20.446494,5,1974.0,-493437.4463275451,0.1112369933416035,1353.0,1499.0
2023-01-13,12.94077772,2234.0,2255.0,1812.0,129,-54.83970533,2348.0,58.09555815,2398.0,-20.446494,5,1974.0,-493437.4463275451,0.1112369933416035,1353.0,1499.0
2023-01-13,14.97255333,2219.0,2025.0,1617.0,130,-54.83957967,2064.0,56.85898933,2079.0,-20.446353,5,1729.0,-476720.05915105046,0.1116576392569515,1350.0,1406.0
2023-01-13,15.28227408,2219.0,2025.0,1617.0,130,-54.83957967,2064.0,59.5808137,2079.0,-20.446353,5,1729.0,-476720.05915105046,0.1116576392569515,1350.0,1406.0
2023-01-13,11.62889458,2984.0,2888.0,2265.0,131,-54.83886333,3092.0,55.69850668,3088.0,-20.44649567,5,2642.0,-869461.031972182,0.1349232976237303,1541.0,1869.0
2023-01-13,11.85469836,2984.0,2888.0,2265.0,131,-54.83886333,3092.0,57.33882079,3088.0,-20.44649567,5,2642.0,-869461.031972182,0.1349232976237303,1541.0,1869.0
2023-01-13,11.21134007,3056.0,3401.0,2593.0,132,-54.838894,3607.0,57.43209519,3603.0,-20.446131,5,3025.0,-2320851.7628096184,0.2017837471400728,1496.0,2164.0
2023-01-13,11.44126471,3056.0,3401.0,2593.0,132,-54.838894,3607.0,57.82975226,3603.0,-20.446131,5,3025.0,-2320851.7628096184,0.2017837471400728,1496.0,2164.0
2023-01-13,11.29850205,2181.0,2237.0,1807.0,133,-54.839732,2362.0,59.53320675,2443.0,-20.44652533,5,1945.0,-747263.8084926516,0.1340536586575417,1330.0,1549.0
2023-01-13,11.50150353,2181.0,2237.0,1807.0,133,-54.839732,2362.0,57.00212789,2443.0,-20.44652533,5,1945.0,-747263.8084926516,0.1340536586575417,1330.0,1549.0
2023-01-13,9.346861909,2219.0,2025.0,1617.0,134,-54.83957867,2064.0,55.68850288,2079.0,-20.44636867,5,1729.0,-476720.05915105046,0.1116576392569515,1350.0,1406.0
2023-01-13,9.562553545,2219.0,2025.0,1617.0,134,-54.83957867,2064.0,56.09451303,2079.0,-20.44636867,5,1729.0,-476720.05915105046,0.1116576392569515,1350.0,1406.0
2023-01-13,11.24260347,3149.0,3299.0,2369.0,135,-54.83935233,3687.0,54.69502026,3516.0,-20.44696467,5,2755.0,-1541167.7797918185,0.1751012259905485,1533.0,1909.0
2023-01-13,11.46745554,3149.0,3299.0,2369.0,135,-54.83935233,3687.0,53.35925066,3516.0,-20.44696467,5,2755.0,-1541167.7797918185,0.1751012259905485,1533.0,1909.0
2023-01-13,5.35946659,3173.0,3340.0,2496.0,136,-54.839212,3665.0,47.85295272,3515.0,-20.44685833,5,2827.0,-1616560.7822129757,0.1736433431257985,1560.0,2071.0
2023-01-13,5.585560738,3173.0,3340.0,2496.0,136,-54.839212,3665.0,48.19630659,3515.0,-20.44685833,5,2827.0,-1616560.7822129757,0.1736433431257985,1560.0,2071.0
2023-03-01,5.148421938,4011.0,3575.0,2352.0,151,-54.838468,3932.0,58.18542757,3886.0,-20.44679533,2,3082.0,-3866760.953033775,0.2766121411214112,1295.0,1709.0
2023-03-01,5.37226637,4011.0,3575.0,2352.0,151,-54.838468,3932.0,59.12916775,3886.0,-20.44679533,2,3082.0,-3866760.953033775,0.2766121411214112,1295.0,1709.0
2023-03-01,9.042283413,4088.0,3557.0,2333.0,152,-54.838597,3856.0,56.3779176,3819.0,-20.447019,2,3042.0,-3645841.0263700746,0.2713870007047537,1320.0,1672.0
2023-03-01,9.260928448,4088.0,3557.0,2333.0,152,-54.838597,3856.0,57.21758825,3819.0,-20.447019,2,3042.0,-3645841.0263700746,0.2713870007047537,1320.0,1672.0
2023-03-01,7.726366136,4180.0,3688.0,2328.0,153,-54.83859867,4064.0,41.12103528,3996.0,-20.44614833,2,3047.0,-4793468.190348347,0.308763816828333,1246.0,1630.0
2023-03-01,7.938423038,4180.0,3688.0,2328.0,153,-54.83859867,4064.0,41.13311596,3996.0,-20.44614833,2,3047.0,-4793468.190348347,0.308763816828333,1246.0,1630.0
2023-03-01,7.692826263,4109.0,3746.0,2324.0,154,-54.838516,4161.0,56.59557836,4047.0,-20.44636533,2,3017.0,-4854961.417563796,0.3120469372961218,1255.0,1604.0
2023-03-01,7.922138114,4109.0,3746.0,2324.0,154,-54.838516,4161.0,57.2437095,4047.0,-20.44636533,2,3017.0,-4854961.417563796,0.3120469372961218,1255.0,1604.0
2023-03-01,7.958123502,4169.0,3779.0,2139.0,155,-54.83931067,4504.0,54.01985154,4215.0,-20.44693667,2,2982.0,-5945726.830972044,0.3498238689171667,1303.0,1468.0
2023-03-01,8.190470116,4169.0,3779.0,2139.0,155,-54.83931067,4504.0,53.69373756,4215.0,-20.44693667,2,2982.0,-5945726.830972044,0.3498238689171667,1303.0,1468.0
2023-03-01,2.941602021,3968.0,3604.0,2217.0,156,-54.83916767,4196.0,52.91677388,3985.0,-20.446972,2,2981.0,-5704394.904654071,0.3434366087036525,1313.0,1471.0
2023-03-01,3.167879099,3968.0,3604.0,2217.0,156,-54.83916767,4196.0,52.64853604,3985.0,-20.446972,2,2981.0,-5704394.904654071,0.3434366087036525,1313.0,1471.0
